user_id,amount,category,date,month,day_of_week,is_anomaly
9,822.81,Food,2025-07-01,7,1,0
4,78865.59,Salary,2025-12-26,12,4,0
4,208.67,Entertainment,2025-05-01,5,3,0
5,69284.61,Salary,2025-04-12,4,5,0
9,24906.25,Rent,2025-07-23,7,2,0
1,7071.72,Shopping,2025-07-02,7,2,0
7,3272.13,Utilities,2025-11-14,11,4,0
3,5656.08,Shopping,2025-07-15,7,1,0
5,602.35,Entertainment,2025-03-03,3,0,0
2,4554.36,Shopping,2025-08-08,8,4,0
9,896.0,Health,2025-01-01,1,2,0
8,552.51,Health,2025-04-05,4,5,0
1,5704.21,Shopping,2025-04-26,4,5,0
6,875.22,Food,2025-09-30,9,1,0
4,1626.9,Shopping,2025-04-03,4,3,0
1,57553.11,Salary,2025-01-18,1,5,0
1,1331.71,Food,2025-07-18,7,4,0
5,252.68,Food,2025-08-22,8,4,0
3,44545.2,Salary,2025-10-24,10,4,0
9,687.38,Entertainment,2025-07-19,7,5,0
7,64634.16,Salary,2025-05-16,5,4,0
7,27084.74,Rent,2025-04-22,4,1,0
8,324.97,Entertainment,2025-07-01,7,1,0
5,131.92,Entertainment,2025-06-04,6,2,0
9,46643.01,Salary,2025-03-16,3,6,0
6,434.55,Entertainment,2025-03-19,3,2,0
9,833.21,Transport,2025-04-21,4,0,0
4,963.12,Health,2025-08-23,8,5,0
3,15868.69,Rent,2025-09-24,9,2,0
1,2151.13,Utilities,2025-04-11,4,4,0
4,1104.48,Food,2025-12-25,12,3,0
8,1052.17,Utilities,2025-03-15,3,5,0
6,5811.6,Food,2025-01-14,1,1,1
5,1703.66,Transport,2025-07-04,7,4,0
6,5358.86,Shopping,2025-12-11,12,3,0
5,15891.66,Rent,2025-12-14,12,6,0
5,829.58,Entertainment,2025-11-06,11,3,0
6,48682.21,Salary,2025-04-06,4,6,0
6,470.78,Food,2025-02-17,2,0,0
10,73608.69,Salary,2025-05-01,5,3,0
9,66673.04,Salary,2025-05-31,5,5,0
8,57204.54,Salary,2025-01-11,1,5,0
4,1691.5,Food,2025-12-30,12,1,0
7,620.06,Health,2025-05-10,5,5,0
2,371.75,Entertainment,2025-08-02,8,5,0
1,1733.65,Transport,2025-05-20,5,1,0
3,561.01,Food,2025-04-18,4,4,0
5,15144.73,Rent,2025-03-11,3,1,0
4,25533.1,Rent,2025-08-27,8,2,0
8,700.21,Entertainment,2025-03-05,3,2,0
10,7690.76,Shopping,2025-10-25,10,5,0
8,2673.01,Transport,2025-01-21,1,1,0
3,19411.11,Rent,2025-06-11,6,2,0
3,2497.15,Utilities,2025-10-10,10,4,0
6,1134.39,Food,2025-04-17,4,3,0
2,3817.33,Shopping,2025-01-07,1,1,0
8,798.17,Transport,2025-08-01,8,4,0
10,1997.25,Food,2025-04-23,4,2,0
9,793.31,Entertainment,2025-12-13,12,5,0
4,2647.57,Transport,2025-09-27,9,5,0
2,8097.18,Shopping,2025-03-18,3,1,0
4,27620.73,Rent,2025-01-09,1,3,0
10,293.96,Health,2025-01-25,1,5,0
4,214.02,Entertainment,2025-03-30,3,6,0
7,126.32,Entertainment,2025-11-18,11,1,0
10,1820.19,Transport,2025-05-11,5,6,0
2,43938.63,Salary,2025-01-01,1,2,0
10,2669.16,Transport,2025-06-12,6,3,0
2,29230.45,Rent,2025-06-27,6,4,0
3,578.53,Entertainment,2025-10-24,10,4,0
5,187.53,Health,2025-01-20,1,0,0
3,29246.11,Rent,2025-09-14,9,6,0
6,1786.81,Health,2025-08-08,8,4,1
3,1533.26,Shopping,2025-03-04,3,1,0
9,1366.38,Transport,2025-04-01,4,1,0
4,343.99,Health,2025-12-21,12,6,0
10,2579.82,Utilities,2025-01-21,1,1,0
2,2924.52,Utilities,2025-05-26,5,0,0
6,686.86,Food,2025-11-02,11,6,0
4,930.46,Food,2025-07-07,7,0,0
8,5002.81,Shopping,2025-12-31,12,2,0
2,983.57,Food,2025-09-26,9,4,0
1,3235.39,Shopping,2025-03-24,3,0,0
6,26026.03,Rent,2025-03-16,3,6,0
2,1186.54,Transport,2025-05-30,5,4,0
10,425.95,Entertainment,2025-08-19,8,1,0
5,511.25,Health,2025-01-24,1,4,0
7,554.91,Entertainment,2025-11-05,11,2,0
1,996.15,Health,2025-10-23,10,3,0
8,735.86,Transport,2025-04-13,4,6,0
1,53245.16,Salary,2025-03-10,3,0,0
9,1366.54,Transport,2025-01-08,1,2,0
6,2443.35,Shopping,2025-06-15,6,6,0
5,9359.84,Shopping,2025-07-03,7,3,1
3,734.08,Health,2025-08-16,8,5,0
6,260.24,Health,2025-11-16,11,6,0
3,1404.3,Transport,2025-11-26,11,2,0
1,45769.81,Salary,2025-08-07,8,3,0
2,402.22,Entertainment,2025-01-08,1,2,0
1,17870.74,Rent,2025-07-18,7,4,0
4,972.36,Health,2025-05-10,5,5,0
7,60365.06,Salary,2025-01-09,1,3,0
2,4020.17,Utilities,2025-09-08,9,0,0
10,455.0,Health,2025-02-24,2,0,0
8,871.37,Transport,2025-11-01,11,5,0
5,2828.46,Transport,2025-09-08,9,0,0
3,4780.92,Utilities,2025-11-17,11,0,0
9,1655.11,Transport,2025-08-02,8,5,0
5,29553.65,Rent,2025-12-21,12,6,0
7,771.25,Food,2025-08-04,8,0,0
1,228.43,Entertainment,2025-10-02,10,3,0
2,54042.73,Salary,2025-07-22,7,1,0
8,732.38,Health,2025-08-22,8,4,0
8,21005.38,Rent,2025-04-20,4,6,0
8,5466.25,Shopping,2025-09-05,9,4,0
2,823.27,Health,2025-08-31,8,6,0
2,6922.14,Utilities,2025-10-26,10,6,1
10,5252.86,Shopping,2025-07-15,7,1,0
9,2985.27,Transport,2025-12-05,12,4,0
3,908.64,Food,2025-03-08,3,5,0
3,580.61,Entertainment,2025-11-24,11,0,0
10,518.95,Health,2025-12-16,12,1,0
7,3857.83,Shopping,2025-01-28,1,1,0
9,1510.58,Food,2025-10-05,10,6,0
10,1089.81,Food,2025-02-13,2,3,0
10,28178.89,Rent,2025-11-12,11,2,0
5,28952.43,Rent,2025-05-04,5,6,0
1,180.41,Entertainment,2025-06-20,6,4,0
3,252.77,Entertainment,2025-02-07,2,4,0
7,691.42,Food,2025-03-19,3,2,0
7,4960.07,Shopping,2025-09-30,9,1,0
2,989.91,Entertainment,2025-05-08,5,3,0
9,8309.56,Shopping,2025-05-21,5,2,0
7,2726.91,Transport,2025-08-27,8,2,0
5,25379.69,Rent,2025-06-24,6,1,0
10,19317.83,Rent,2025-10-01,10,2,0
9,27512.87,Rent,2025-11-30,11,6,0
10,2603.9,Transport,2025-07-02,7,2,0
6,119.25,Entertainment,2025-12-07,12,6,0
4,4694.32,Shopping,2025-06-15,6,6,0
7,25341.12,Rent,2025-10-24,10,4,0
3,1503.37,Food,2025-12-09,12,1,0
1,468.02,Entertainment,2025-04-12,4,5,0
3,60130.6,Salary,2025-03-07,3,4,0
1,476.98,Entertainment,2025-03-14,3,4,0
1,3946.74,Entertainment,2025-01-09,1,3,1
4,3413.11,Utilities,2025-01-22,1,2,0
6,58056.28,Salary,2025-10-06,10,0,0
1,413.38,Entertainment,2025-11-05,11,2,0
4,27126.85,Rent,2025-08-04,8,0,0
5,1677.84,Transport,2025-10-03,10,4,0
2,433.98,Entertainment,2025-03-24,3,0,0
5,15809.78,Rent,2025-05-06,5,1,0
7,2670.96,Transport,2025-12-11,12,3,0
7,1190.75,Food,2025-11-11,11,1,0
4,508.79,Entertainment,2025-08-30,8,5,0
9,633.52,Health,2025-08-29,8,4,0
2,1561.85,Food,2025-01-29,1,2,0
7,2332.29,Shopping,2025-03-06,3,3,0
4,430.23,Entertainment,2025-06-02,6,0,0
3,700.89,Entertainment,2025-11-21,11,4,0
2,44014.06,Salary,2025-06-09,6,0,0
4,28500.89,Rent,2025-05-07,5,2,0
1,1679.46,Utilities,2025-09-01,9,0,0
4,621.84,Entertainment,2025-01-24,1,4,0
4,26760.52,Rent,2025-06-16,6,0,0
8,1307.64,Utilities,2025-03-22,3,5,0
6,1330.36,Food,2025-12-20,12,5,0
1,17640.92,Rent,2025-04-26,4,5,0
8,635.29,Transport,2025-09-02,9,1,0
6,4447.71,Shopping,2025-03-30,3,6,0
6,514.01,Food,2025-11-09,11,6,0
6,19330.99,Rent,2025-07-19,7,5,0
5,213.3,Entertainment,2025-07-30,7,2,0
10,9754.53,Shopping,2025-04-18,4,4,0
5,52473.94,Salary,2025-09-21,9,6,0
8,982.76,Health,2025-03-21,3,4,0
9,4705.77,Utilities,2025-11-05,11,2,0
1,53887.5,Salary,2025-03-09,3,6,0
5,1867.67,Transport,2025-10-04,10,5,0
2,6554.41,Shopping,2025-03-05,3,2,0
4,430.31,Entertainment,2025-11-27,11,3,0
2,217.64,Entertainment,2025-06-25,6,2,0
4,402.12,Health,2025-09-09,9,1,0
6,217.59,Entertainment,2025-05-12,5,0,0
5,919.33,Transport,2025-02-04,2,1,0
5,6794.95,Shopping,2025-04-20,4,6,0
2,61144.86,Salary,2025-06-18,6,2,0
8,1572.3,Utilities,2025-03-11,3,1,0
2,2967.74,Transport,2025-07-20,7,6,0
8,79122.95,Salary,2025-05-04,5,6,0
4,3209.13,Shopping,2025-10-23,10,3,0
2,24332.25,Rent,2025-05-05,5,0,0
2,2786.06,Utilities,2025-03-24,3,0,0
9,1069.75,Utilities,2025-05-18,5,6,0
6,45825.94,Salary,2025-05-01,5,3,0
9,1433.5,Food,2025-04-02,4,2,0
9,4488.62,Shopping,2025-08-14,8,3,0
7,7233.2,Shopping,2025-07-16,7,2,0
5,4360.85,Utilities,2025-11-21,11,4,0
10,45882.3,Salary,2025-04-08,4,1,0
3,1457.8,Food,2025-03-09,3,6,0
5,1232.56,Food,2025-11-07,11,4,0
9,49249.01,Salary,2025-11-27,11,3,0
9,76565.04,Salary,2025-05-25,5,6,0
4,144.07,Health,2025-06-02,6,0,0
2,7365.66,Shopping,2025-06-11,6,2,0
9,28192.01,Rent,2025-09-07,9,6,0
8,117309.1,Rent,2025-04-29,4,1,1
10,18231.72,Rent,2025-05-25,5,6,0
1,22234.52,Rent,2025-06-19,6,3,0
3,6256.04,Shopping,2025-07-27,7,6,0
5,25933.11,Rent,2025-05-31,5,5,0
9,501.48,Health,2025-08-22,8,4,0
7,336.35,Health,2025-03-23,3,6,0
8,3200.38,Shopping,2025-04-27,4,6,0
1,876.64,Health,2025-02-25,2,1,0
10,44435.33,Salary,2025-04-30,4,2,0
1,926.52,Health,2025-01-19,1,6,0
9,875.52,Entertainment,2025-05-10,5,5,0
5,59461.04,Salary,2025-02-17,2,0,0
1,296.57,Food,2025-11-05,11,2,0
6,631.62,Transport,2025-07-14,7,0,0
6,3795.93,Utilities,2025-06-04,6,2,0
4,1357.96,Food,2025-10-01,10,2,0
9,9496.93,Shopping,2025-10-12,10,6,0
4,1545.29,Utilities,2025-10-03,10,4,0
2,34171.96,Shopping,2025-05-29,5,3,1
3,79589.73,Salary,2025-04-30,4,2,0
4,19764.45,Utilities,2025-05-25,5,6,1
4,4951.93,Utilities,2025-12-12,12,4,0
5,1317.06,Food,2025-09-23,9,1,0
1,56524.67,Salary,2025-07-16,7,2,0
4,21954.99,Rent,2025-01-24,1,4,0
5,1872.59,Transport,2025-01-20,1,0,0
3,954.64,Transport,2025-07-31,7,3,0
9,1086.71,Transport,2025-07-02,7,2,0
6,557.63,Entertainment,2025-02-23,2,6,0
5,128.43,Health,2025-01-31,1,4,0
1,1634.05,Utilities,2025-10-07,10,1,0
3,1795.93,Transport,2025-12-18,12,3,0
2,574.42,Health,2025-07-13,7,6,0
4,28889.91,Rent,2025-06-11,6,2,0
3,4954.15,Utilities,2025-08-29,8,4,0
1,1376.47,Transport,2025-03-25,3,1,0
2,2763.9,Transport,2025-05-12,5,0,0
3,210.73,Entertainment,2025-08-07,8,3,0
6,67871.25,Salary,2025-12-23,12,1,0
2,20903.45,Rent,2025-02-27,2,3,0
9,25215.28,Rent,2025-12-18,12,3,0
4,66977.1,Rent,2025-12-02,12,1,1
7,1975.29,Transport,2025-04-07,4,0,0
1,386.46,Entertainment,2025-07-07,7,0,0
7,41636.77,Salary,2025-09-16,9,1,0
2,199.2,Health,2025-11-07,11,4,0
6,2077.92,Transport,2025-02-11,2,1,0
2,4250.41,Utilities,2025-04-09,4,2,0
2,575.29,Health,2025-05-06,5,1,1
10,4192.29,Utilities,2025-07-07,7,0,0
6,927.49,Health,2025-12-25,12,3,0
4,516.51,Transport,2025-12-07,12,6,0
3,2669.57,Transport,2025-05-25,5,6,0
4,8952.29,Shopping,2025-05-20,5,1,0
4,841.76,Entertainment,2025-12-04,12,3,0
9,9375.97,Shopping,2025-07-09,7,2,0
4,1893.5,Food,2025-06-20,6,4,0
2,1787.38,Food,2025-07-17,7,3,0
6,912.72,Entertainment,2025-05-14,5,2,0
2,1929.58,Food,2026-01-01,1,3,0
7,55398.58,Salary,2025-07-19,7,5,0
1,76638.35,Salary,2025-05-19,5,0,0
7,9678.11,Shopping,2025-06-29,6,6,0
5,2346.29,Utilities,2025-01-21,1,1,0
4,2410.66,Utilities,2025-04-22,4,1,0
6,573.25,Entertainment,2025-04-24,4,3,1
2,9592.75,Shopping,2025-06-01,6,6,0
7,694.72,Food,2025-08-09,8,5,0
4,4895.03,Utilities,2025-03-11,3,1,0
7,247.37,Entertainment,2025-07-15,7,1,0
1,8896.44,Shopping,2025-08-15,8,4,0
6,2425.52,Transport,2025-12-27,12,5,0
7,24422.25,Rent,2025-06-29,6,6,0
6,21939.55,Rent,2025-12-09,12,1,0
10,1907.45,Food,2025-04-28,4,0,0
2,423.9,Health,2025-10-11,10,5,0
9,106244.68,Rent,2025-07-15,7,1,1
2,8016.22,Shopping,2025-08-07,8,3,0
3,9390.02,Shopping,2025-11-03,11,0,0
9,845.07,Food,2025-06-14,6,5,0
9,1032.78,Food,2025-07-31,7,3,0
6,768.96,Food,2025-07-17,7,3,0
8,3631.53,Utilities,2025-12-26,12,4,0
5,2056.76,Utilities,2025-01-12,1,6,0
3,447.78,Health,2025-06-03,6,1,0
6,733.53,Entertainment,2025-10-14,10,1,0
2,1677.34,Utilities,2025-12-15,12,0,0
10,57474.88,Salary,2025-12-16,12,1,0
10,4982.35,Shopping,2025-09-25,9,3,0
8,505.54,Entertainment,2025-09-19,9,4,0
4,946.54,Entertainment,2025-06-10,6,1,0
6,1392.06,Utilities,2025-07-02,7,2,0
4,1010.15,Food,2025-07-30,7,2,0
2,4080.73,Utilities,2025-09-10,9,2,0
9,63484.54,Salary,2025-09-14,9,6,0
9,19151.2,Rent,2025-04-11,4,4,0
7,4662.94,Shopping,2025-11-11,11,1,0
4,46349.03,Salary,2025-06-01,6,6,0
1,22005.24,Rent,2025-04-15,4,1,0
10,1491.59,Food,2025-07-31,7,3,0
10,889.36,Entertainment,2025-01-21,1,1,0
5,297.48,Health,2025-07-17,7,3,0
4,445.51,Entertainment,2025-12-16,12,1,0
3,44592.43,Salary,2025-01-23,1,3,0
2,246.97,Entertainment,2025-02-19,2,2,0
10,822.78,Food,2025-07-11,7,4,0
9,2250.14,Utilities,2025-09-25,9,3,0
4,50033.06,Salary,2025-03-03,3,0,0
7,735.2,Entertainment,2025-07-22,7,1,0
2,619.83,Health,2025-03-13,3,3,0
9,583.08,Entertainment,2025-05-15,5,3,0
2,3858.61,Shopping,2025-09-06,9,5,0
9,863.57,Entertainment,2025-04-24,4,3,0
3,317.31,Food,2025-06-10,6,1,0
3,2356.15,Transport,2025-03-08,3,5,0
2,660.35,Health,2025-05-31,5,5,0
1,998.76,Entertainment,2025-12-04,12,3,0
5,28867.71,Rent,2025-12-28,12,6,0
8,639.62,Entertainment,2025-08-03,8,6,0
1,493.71,Food,2025-10-11,10,5,0
9,287.08,Health,2025-08-28,8,3,0
2,835.63,Entertainment,2025-12-06,12,5,0
7,1969.26,Transport,2025-10-28,10,1,0
7,1637.28,Food,2025-05-03,5,5,0
9,4177.71,Shopping,2025-07-13,7,6,0
4,28499.33,Rent,2025-07-16,7,2,0
10,917.33,Health,2025-01-28,1,1,0
3,4564.34,Utilities,2025-08-16,8,5,0
4,68764.35,Salary,2025-06-18,6,2,0
10,3007.96,Shopping,2025-03-15,3,5,0
8,22742.19,Rent,2025-02-10,2,0,0
9,210.68,Health,2025-03-21,3,4,0
1,1898.49,Food,2025-02-01,2,5,0
1,538.84,Health,2025-02-13,2,3,0
3,477.47,Food,2025-07-07,7,0,0
6,1469.28,Food,2025-03-14,3,4,0
5,765.4,Entertainment,2025-02-12,2,2,0
1,1923.01,Transport,2025-03-04,3,1,0
3,1798.64,Shopping,2025-06-03,6,1,0
1,1497.39,Food,2025-10-05,10,6,0
7,1041.56,Food,2025-12-25,12,3,0
7,1837.75,Food,2025-09-12,9,4,0
6,3696.34,Shopping,2025-12-17,12,2,0
5,4438.26,Utilities,2025-06-03,6,1,0
9,673.83,Health,2025-07-05,7,5,0
1,264.93,Entertainment,2025-11-26,11,2,0
8,2013.18,Utilities,2025-02-14,2,4,0
6,47485.14,Salary,2025-04-28,4,0,0
6,467.83,Health,2025-09-20,9,5,0
9,6223.33,Shopping,2025-03-10,3,0,0
6,1491.31,Entertainment,2025-05-28,5,2,1
2,31533.12,Shopping,2025-08-17,8,6,1
2,756.57,Health,2025-11-11,11,1,0
9,2304.62,Utilities,2025-08-09,8,5,0
1,1931.11,Transport,2025-06-20,6,4,0
5,892.13,Entertainment,2025-04-27,4,6,0
8,1434.89,Food,2025-03-22,3,5,0
5,1176.52,Transport,2025-08-14,8,3,0
6,3193.96,Utilities,2025-01-13,1,0,0
9,284.25,Food,2025-07-01,7,1,0
2,44427.61,Salary,2025-10-08,10,2,0
5,2969.19,Utilities,2025-09-02,9,1,0
10,49486.44,Salary,2025-08-13,8,2,0
8,3229.87,Utilities,2025-09-13,9,5,0
10,27419.21,Rent,2025-09-29,9,0,0
4,64994.29,Salary,2025-12-01,12,0,0
10,18146.91,Rent,2025-08-02,8,5,0
7,964.86,Health,2025-07-13,7,6,0
1,7878.08,Shopping,2025-08-04,8,0,0
7,584.35,Entertainment,2025-04-25,4,4,0
5,4363.23,Utilities,2025-08-11,8,0,0
3,8852.08,Shopping,2025-09-29,9,0,0
1,29443.33,Rent,2025-12-20,12,5,0
6,59760.65,Salary,2025-05-09,5,4,0
3,318.43,Entertainment,2025-10-15,10,2,0
1,73617.86,Salary,2025-03-28,3,4,0
3,748.12,Transport,2025-06-18,6,2,0
4,1990.81,Transport,2025-08-10,8,6,0
9,40756.43,Salary,2025-07-12,7,5,0
8,1978.81,Utilities,2025-01-03,1,4,0
3,77152.95,Salary,2025-11-10,11,0,0
9,927.93,Entertainment,2025-01-17,1,4,0
6,1256.29,Food,2025-10-27,10,0,0
7,2057.63,Transport,2025-09-02,9,1,0
2,1476.03,Food,2025-06-23,6,0,0
3,72244.29,Salary,2025-04-29,4,1,0
1,58022.67,Salary,2025-01-15,1,2,0
6,15431.22,Rent,2025-03-12,3,2,0
8,755.3,Entertainment,2025-05-25,5,6,0
7,797.26,Food,2025-08-27,8,2,0
9,374.31,Entertainment,2025-06-11,6,2,0
2,1218.31,Shopping,2025-03-03,3,0,0
7,50921.66,Salary,2025-10-04,10,5,0
9,1458.48,Food,2025-01-20,1,0,0
4,673.43,Food,2025-12-30,12,1,0
9,1059.07,Food,2025-06-21,6,5,0
1,15783.78,Rent,2025-11-21,11,4,0
1,41826.96,Salary,2025-11-25,11,1,0
8,1670.07,Transport,2025-01-13,1,0,0
5,2576.07,Transport,2025-01-02,1,3,0
6,2009.52,Transport,2025-12-03,12,2,0
8,171.83,Entertainment,2025-09-17,9,2,0
7,23869.67,Rent,2025-07-22,7,1,0
8,18627.82,Rent,2025-08-29,8,4,0
1,596.99,Health,2025-04-11,4,4,0
3,25848.11,Rent,2025-01-17,1,4,0
1,6455.71,Shopping,2025-03-20,3,3,0
7,43496.58,Salary,2025-09-28,9,6,0
4,947.29,Health,2025-04-10,4,3,0
3,634.22,Health,2025-03-23,3,6,0
8,865.28,Food,2025-01-03,1,4,0
2,29497.72,Rent,2025-07-10,7,3,0
4,20393.06,Rent,2025-06-07,6,5,0
9,2804.18,Transport,2025-08-17,8,6,0
1,988.86,Health,2025-09-27,9,5,0
4,600.78,Entertainment,2025-02-16,2,6,0
2,724.54,Transport,2025-06-13,6,4,0
3,2415.43,Utilities,2025-04-22,4,1,0
10,62786.32,Salary,2025-05-12,5,0,0
10,9600.53,Shopping,2025-06-08,6,6,0
1,57957.52,Salary,2025-12-18,12,3,0
4,1314.06,Utilities,2025-03-02,3,6,0
5,6726.2,Shopping,2025-05-22,5,3,0
4,41247.57,Salary,2025-03-14,3,4,0
8,20850.7,Rent,2025-08-13,8,2,0
9,4288.89,Shopping,2025-07-24,7,3,0
7,885.53,Entertainment,2025-07-14,7,0,0
5,19087.29,Rent,2025-03-12,3,2,0
10,22230.25,Rent,2025-03-12,3,2,0
9,1621.36,Transport,2025-07-21,7,0,0
9,844.55,Entertainment,2025-09-23,9,1,0
4,16634.47,Rent,2025-11-28,11,4,0
2,763.27,Entertainment,2025-11-06,11,3,0
5,1125.51,Food,2025-04-18,4,4,0
10,383.24,Entertainment,2025-09-15,9,0,0
7,69429.15,Salary,2025-12-30,12,1,0
6,24634.97,Rent,2025-03-02,3,6,0
1,2635.96,Transport,2025-11-04,11,1,0
7,76004.32,Salary,2025-12-11,12,3,0
10,709.78,Entertainment,2025-10-06,10,0,0
7,1112.52,Food,2025-05-19,5,0,0
4,16047.53,Rent,2025-04-09,4,2,0
7,43263.55,Salary,2025-06-30,6,0,0
8,1757.53,Food,2025-12-30,12,1,0
9,828.21,Entertainment,2025-04-30,4,2,0
1,1028.08,Food,2025-03-30,3,6,0
4,629.79,Health,2025-03-09,3,6,0
6,43967.27,Salary,2025-05-02,5,4,0
7,1970.85,Shopping,2025-01-02,1,3,0
1,1601.12,Utilities,2025-02-01,2,5,0
4,540.55,Food,2025-03-29,3,5,0
9,450.08,Entertainment,2025-11-01,11,5,0
10,779.68,Health,2025-03-03,3,0,0
4,1321.6,Transport,2025-03-01,3,5,0
5,18624.9,Rent,2025-07-28,7,0,0
7,1349.99,Transport,2025-08-21,8,3,0
10,4749.77,Shopping,2025-06-13,6,4,0
6,7635.2,Shopping,2025-11-25,11,1,0
2,667.85,Entertainment,2025-06-09,6,0,0
6,566.49,Health,2025-06-15,6,6,0
2,563.35,Food,2025-04-07,4,0,0
4,1521.26,Food,2025-04-22,4,1,0
1,2917.49,Transport,2025-06-07,6,5,0
9,2835.65,Transport,2025-03-23,3,6,0
3,283.91,Entertainment,2025-04-10,4,3,0
6,563.22,Health,2025-08-07,8,3,0
2,29909.21,Rent,2025-07-15,7,1,0
8,42449.02,Salary,2025-08-16,8,5,0
8,2393.37,Transport,2025-11-08,11,5,0
1,6909.27,Shopping,2025-10-01,10,2,0
5,2291.98,Transport,2025-06-21,6,5,0
9,312.5,Food,2025-10-03,10,4,0
10,26810.72,Rent,2025-10-30,10,3,0
6,26539.51,Rent,2025-07-12,7,5,0
3,316.46,Food,2025-11-15,11,5,0
3,2405.36,Shopping,2025-01-09,1,3,0
10,5802.83,Shopping,2025-07-27,7,6,0
9,65973.05,Salary,2025-08-26,8,1,0
1,1062.58,Food,2025-08-28,8,3,0
7,545.29,Entertainment,2025-06-16,6,0,0
2,4929.06,Shopping,2025-11-11,11,1,0
5,1008.58,Food,2025-01-14,1,1,0
4,3062.36,Utilities,2025-08-05,8,1,0
4,3513.8,Entertainment,2025-08-15,8,4,1
6,1492.54,Food,2025-06-29,6,6,0
6,29680.97,Shopping,2025-04-11,4,4,1
1,3987.55,Utilities,2025-08-23,8,5,0
7,46352.9,Salary,2025-11-17,11,0,0
7,869.48,Entertainment,2025-07-07,7,0,0
4,4170.14,Shopping,2025-09-25,9,3,0
9,24168.33,Rent,2025-10-18,10,5,0
3,65545.36,Salary,2025-08-30,8,5,0
7,1065.77,Transport,2025-05-10,5,5,0
4,882.17,Health,2025-04-06,4,6,0
8,1529.04,Transport,2025-02-21,2,4,0
1,1812.09,Shopping,2025-08-28,8,3,0
4,65843.02,Salary,2025-10-27,10,0,0
3,769.81,Entertainment,2025-06-20,6,4,0
10,77577.01,Salary,2025-12-06,12,5,0
10,2379.75,Transport,2025-07-16,7,2,0
3,1578.74,Food,2025-03-29,3,5,0
2,9212.94,Shopping,2025-09-27,9,5,0
3,681.45,Entertainment,2025-08-06,8,2,0
6,1263.02,Food,2025-09-01,9,0,0
3,4836.55,Shopping,2025-01-27,1,0,0
9,24116.05,Rent,2025-04-07,4,0,0
8,3805.79,Shopping,2025-09-09,9,1,0
10,47574.0,Salary,2025-09-11,9,3,0
1,2979.84,Transport,2025-04-17,4,3,0
5,132.04,Health,2025-10-28,10,1,0
7,5374.38,Shopping,2025-12-19,12,4,0
10,1217.75,Transport,2026-01-01,1,3,0
2,15741.15,Rent,2025-08-30,8,5,0
4,713.05,Health,2025-05-19,5,0,0
3,54597.5,Salary,2025-01-24,1,4,0
7,29654.6,Rent,2025-12-06,12,5,0
1,69479.64,Salary,2025-07-09,7,2,0
7,1745.27,Utilities,2025-10-06,10,0,0
3,856.97,Health,2025-07-05,7,5,0
3,608.06,Health,2025-05-13,5,1,0
8,2055.05,Transport,2025-03-25,3,1,0
10,4795.72,Entertainment,2025-03-26,3,2,1
8,41953.6,Salary,2025-04-08,4,1,0
8,3494.98,Utilities,2025-07-16,7,2,0
10,3816.48,Utilities,2025-01-06,1,0,0
6,1016.04,Transport,2025-08-31,8,6,0
8,2169.46,Transport,2025-04-15,4,1,0
8,2320.84,Transport,2025-12-28,12,6,0
8,780.7,Food,2025-02-06,2,3,0
3,15168.33,Rent,2025-03-11,3,1,0
3,4760.72,Utilities,2025-07-06,7,6,0
4,29682.19,Rent,2025-08-17,8,6,0
10,62632.06,Salary,2025-03-26,3,2,0
10,696.32,Food,2025-08-06,8,2,0
9,5544.2,Shopping,2025-06-05,6,3,0
1,1368.29,Food,2025-12-08,12,0,0
7,1012.54,Food,2025-10-05,10,6,0
2,8703.81,Shopping,2025-01-24,1,4,0
8,2684.63,Shopping,2025-10-31,10,4,0
7,4952.21,Utilities,2025-12-31,12,2,0
7,1637.42,Transport,2025-07-20,7,6,0
9,1577.86,Food,2025-04-07,4,0,0
4,5672.02,Transport,2025-12-14,12,6,1
4,2315.37,Utilities,2025-08-26,8,1,0
2,954.19,Health,2025-05-18,5,6,0
9,1109.66,Shopping,2025-07-05,7,5,0
6,1409.36,Transport,2025-05-02,5,4,0
8,1897.44,Food,2025-09-12,9,4,0
2,15554.22,Rent,2025-12-20,12,5,0
6,883.12,Health,2025-07-31,7,3,0
6,5451.1,Shopping,2025-10-19,10,6,0
1,2389.0,Transport,2025-10-18,10,5,0
6,27760.03,Rent,2025-07-26,7,5,0
3,8276.45,Shopping,2025-12-11,12,3,0
5,7237.06,Shopping,2025-05-19,5,0,0
6,28842.37,Rent,2025-01-13,1,0,0
4,396.04,Health,2025-01-06,1,0,0
10,1108.14,Utilities,2025-06-07,6,5,0
6,6163.73,Shopping,2025-12-16,12,1,0
5,962.22,Transport,2025-07-15,7,1,0
5,5625.52,Shopping,2025-12-04,12,3,0
8,57878.03,Salary,2025-01-20,1,0,0
5,310.56,Food,2025-08-15,8,4,0
9,17007.06,Rent,2025-08-24,8,6,0
9,1169.71,Shopping,2025-07-19,7,5,0
9,345.68,Entertainment,2025-04-10,4,3,0
7,931.38,Transport,2025-02-04,2,1,0
9,19324.32,Rent,2025-03-07,3,4,0
4,8859.1,Shopping,2025-11-11,11,1,0
1,9213.67,Shopping,2025-10-07,10,1,0
6,28043.76,Rent,2025-09-26,9,4,0
6,57950.65,Salary,2025-03-08,3,5,0
4,44017.36,Salary,2025-07-08,7,1,0
1,1467.86,Utilities,2025-03-14,3,4,0
3,488.72,Entertainment,2025-07-02,7,2,0
10,3638.29,Utilities,2025-10-20,10,0,0
1,9317.56,Shopping,2025-07-13,7,6,0
2,1639.56,Food,2025-10-18,10,5,0
5,200.56,Food,2025-12-21,12,6,0
8,846.92,Health,2025-08-07,8,3,0
5,573.73,Health,2025-05-10,5,5,0
10,42206.68,Salary,2025-02-18,2,1,0
8,2229.41,Utilities,2025-11-11,11,1,0
1,560.25,Health,2025-09-14,9,6,0
4,613.58,Food,2025-04-21,4,0,0
5,1748.67,Utilities,2025-07-09,7,2,0
10,6161.46,Shopping,2025-01-26,1,6,0
6,76105.68,Salary,2025-09-18,9,3,0
7,866.98,Food,2025-07-17,7,3,0
8,2749.37,Shopping,2025-12-21,12,6,0
6,1020.38,Food,2025-02-17,2,0,0
4,20066.78,Rent,2025-02-10,2,0,0
2,2099.6,Transport,2025-02-21,2,4,0
1,1137.94,Food,2025-03-20,3,3,0
1,534.63,Health,2025-07-23,7,2,0
10,120.63,Health,2025-02-21,2,4,0
6,1351.73,Food,2025-09-11,9,3,0
4,74799.31,Salary,2025-08-19,8,1,0
4,2673.34,Utilities,2025-09-20,9,5,0
7,2955.35,Shopping,2025-07-01,7,1,0
1,690.34,Transport,2025-06-07,6,5,0
8,1613.7,Food,2025-07-23,7,2,0
8,4289.8,Utilities,2025-08-03,8,6,0
9,1637.48,Food,2025-04-14,4,0,0
4,3728.62,Utilities,2025-07-14,7,0,0
7,24107.19,Rent,2025-01-22,1,2,0
7,15162.27,Rent,2025-04-30,4,2,0
6,64654.4,Salary,2025-02-09,2,6,0
3,8833.14,Shopping,2025-01-02,1,3,0
6,16802.05,Rent,2025-08-18,8,0,0
6,738.81,Entertainment,2025-10-25,10,5,0
4,3142.78,Utilities,2025-01-19,1,6,0
10,865.34,Entertainment,2025-06-07,6,5,0
2,1844.89,Utilities,2025-07-08,7,1,0
10,1628.26,Transport,2025-02-23,2,6,0
7,51849.09,Salary,2025-06-21,6,5,0
8,815.56,Entertainment,2025-01-12,1,6,0
4,47165.68,Salary,2025-12-01,12,0,0
1,21851.51,Rent,2025-09-05,9,4,0
9,2723.35,Transport,2025-08-23,8,5,0
5,19417.11,Rent,2025-09-12,9,4,0
10,971.36,Entertainment,2025-08-09,8,5,0
8,21156.41,Rent,2025-10-07,10,1,0
5,1379.36,Food,2025-09-20,9,5,0
7,678.47,Entertainment,2025-03-30,3,6,0
9,40115.89,Salary,2025-12-17,12,2,0
6,1226.16,Food,2025-09-24,9,2,0
5,2358.64,Transport,2025-06-06,6,4,0
5,2105.91,Utilities,2025-08-29,8,4,0
8,306.46,Health,2025-04-09,4,2,0
2,694.49,Food,2025-12-31,12,2,0
5,60144.53,Salary,2025-06-30,6,0,0
2,27067.27,Rent,2025-12-25,12,3,0
9,22173.37,Rent,2025-03-03,3,0,0
3,561.86,Health,2025-01-14,1,1,0
4,491.08,Entertainment,2025-12-20,12,5,0
1,1818.84,Utilities,2025-09-03,9,2,0
3,64212.3,Rent,2025-11-06,11,3,1
4,67446.4,Salary,2025-11-27,11,3,0
5,562.14,Food,2025-10-14,10,1,0
9,135.89,Health,2025-04-12,4,5,0
3,16816.28,Rent,2025-12-13,12,5,0
9,2832.51,Shopping,2025-08-18,8,0,0
8,517.99,Entertainment,2025-06-06,6,4,0
9,2733.65,Transport,2025-09-15,9,0,0
6,490.72,Health,2025-12-22,12,0,0
2,476.75,Entertainment,2025-09-18,9,3,0
6,533.0,Food,2025-02-06,2,3,0
3,3720.07,Utilities,2025-01-13,1,0,0
10,429.44,Food,2025-07-02,7,2,0
8,458.42,Entertainment,2025-03-13,3,3,0
2,2831.62,Transport,2025-09-07,9,6,0
4,1115.12,Food,2025-01-02,1,3,0
1,978.36,Food,2025-05-15,5,3,0
3,911.7,Entertainment,2025-06-19,6,3,0
6,8642.0,Shopping,2025-08-21,8,3,0
4,961.06,Health,2025-01-19,1,6,0
5,48679.7,Salary,2025-12-26,12,4,0
8,845.18,Health,2025-08-23,8,5,0
7,15504.38,Rent,2025-10-11,10,5,0
2,310.82,Health,2025-03-21,3,4,0
5,20288.26,Rent,2025-07-25,7,4,0
8,4866.98,Utilities,2025-12-31,12,2,0
5,3715.82,Utilities,2025-06-14,6,5,0
8,2498.16,Transport,2025-02-26,2,2,0
3,1452.4,Utilities,2025-05-22,5,3,0
2,65637.95,Salary,2025-06-12,6,3,0
9,388.48,Food,2025-11-09,11,6,0
4,646.62,Health,2025-07-20,7,6,0
1,991.61,Food,2025-11-15,11,5,0
4,5560.74,Shopping,2025-12-05,12,4,0
7,45972.8,Salary,2025-08-30,8,5,0
6,746.92,Entertainment,2025-09-22,9,0,0
4,4041.87,Utilities,2025-02-06,2,3,0
9,22372.58,Rent,2025-02-28,2,4,0
5,4212.15,Shopping,2025-05-12,5,0,1
5,1201.89,Transport,2025-03-23,3,6,0
5,1898.29,Transport,2025-03-01,3,5,0
9,1717.71,Utilities,2025-02-21,2,4,0
4,58134.84,Salary,2025-02-12,2,2,0
5,1781.45,Food,2025-12-05,12,4,0
9,54478.65,Salary,2025-07-16,7,2,0
4,575.03,Entertainment,2025-02-16,2,6,0
1,19590.04,Rent,2025-11-12,11,2,0
8,166.04,Health,2025-10-11,10,5,0
2,308.44,Entertainment,2025-11-08,11,5,0
6,1859.91,Food,2025-03-25,3,1,0
6,2999.37,Shopping,2025-09-09,9,1,0
2,1420.51,Food,2025-01-02,1,3,0
3,2642.41,Entertainment,2025-02-01,2,5,1
1,1159.16,Transport,2025-07-02,7,2,0
6,76594.15,Salary,2025-07-05,7,5,0
1,9553.55,Shopping,2025-10-26,10,6,0
10,870.91,Food,2025-12-10,12,2,0
7,2081.44,Transport,2025-04-26,4,5,0
7,239.64,Health,2025-06-10,6,1,0
7,2603.62,Utilities,2025-02-10,2,0,0
3,1996.9,Food,2025-12-25,12,3,0
7,1497.69,Food,2025-11-03,11,0,0
10,925.73,Entertainment,2025-10-23,10,3,0
8,865.8,Health,2025-06-07,6,5,0
3,597.93,Entertainment,2025-06-22,6,6,0
1,23262.15,Rent,2025-07-24,7,3,0
10,577.39,Food,2025-03-18,3,1,0
7,4815.43,Utilities,2025-02-13,2,3,0
5,76237.43,Salary,2025-05-20,5,1,0
6,6313.99,Shopping,2025-11-26,11,2,0
3,59453.74,Salary,2025-03-30,3,6,0
6,917.16,Food,2025-08-26,8,1,0
3,9345.75,Shopping,2025-08-12,8,1,0
7,1598.39,Transport,2025-03-07,3,4,0
8,1737.91,Transport,2025-08-19,8,1,0
10,2708.47,Transport,2025-11-28,11,4,0
2,1630.9,Utilities,2025-01-01,1,2,0
6,2928.27,Utilities,2025-09-26,9,4,0
2,44224.98,Salary,2025-04-12,4,5,0
3,60614.82,Salary,2025-04-10,4,3,0
4,1749.53,Shopping,2025-09-17,9,2,0
8,11402.29,Utilities,2025-12-18,12,3,1
8,2429.48,Utilities,2025-08-23,8,5,0
2,298.71,Food,2025-06-07,6,5,0
8,2080.59,Transport,2025-12-26,12,4,0
10,1887.97,Utilities,2025-07-12,7,5,0
10,729.05,Health,2025-03-12,3,2,0
1,65075.44,Salary,2025-11-14,11,4,0
8,4810.12,Shopping,2025-09-04,9,3,0
5,1765.0,Shopping,2025-03-28,3,4,0
3,2759.64,Utilities,2025-06-14,6,5,0
10,4086.96,Utilities,2025-09-30,9,1,0
5,548.77,Health,2025-09-15,9,0,0
1,1817.55,Transport,2025-10-04,10,5,0
5,72241.21,Salary,2025-09-21,9,6,0
3,411.21,Entertainment,2025-04-24,4,3,0
9,722.17,Health,2025-07-28,7,0,0
7,860.01,Entertainment,2025-03-10,3,0,0
6,25568.11,Rent,2025-03-25,3,1,0
4,104.04,Health,2025-08-08,8,4,0
3,1998.38,Food,2025-06-13,6,4,0
6,596.68,Health,2025-08-24,8,6,0
10,995.13,Health,2025-01-07,1,1,0
1,4205.67,Shopping,2025-04-27,4,6,0
7,642.59,Entertainment,2025-06-14,6,5,0
10,535.01,Health,2025-10-19,10,6,0
10,78246.76,Salary,2025-06-14,6,5,0
3,1480.6,Transport,2025-05-08,5,3,0
8,605.84,Health,2025-04-17,4,3,0
2,28142.24,Rent,2025-11-25,11,1,0
1,2065.4,Utilities,2025-06-30,6,0,0
2,148.94,Health,2025-04-21,4,0,0
10,24456.14,Rent,2025-05-17,5,5,0
6,831.35,Health,2025-02-07,2,4,0
1,3573.32,Utilities,2025-03-06,3,3,0
1,1284.61,Food,2025-06-29,6,6,0
6,1813.35,Transport,2025-07-28,7,0,0
3,68064.87,Salary,2025-08-03,8,6,0
3,251.44,Entertainment,2025-03-15,3,5,0
6,27178.33,Rent,2025-09-13,9,5,0
1,472.71,Food,2025-08-03,8,6,0
3,1667.97,Transport,2025-09-18,9,3,0
2,792.42,Entertainment,2025-05-11,5,6,0
7,1309.82,Food,2025-08-08,8,4,0
5,8198.94,Shopping,2025-10-08,10,2,0
8,19260.72,Rent,2025-01-27,1,0,0
10,48205.42,Salary,2025-03-13,3,3,0
9,808.36,Entertainment,2025-10-13,10,0,0
2,2853.58,Transport,2025-12-04,12,3,0
2,682.83,Entertainment,2025-10-23,10,3,0
5,29665.52,Rent,2025-11-30,11,6,0
8,640.46,Transport,2025-04-25,4,4,0
6,79467.05,Salary,2025-11-26,11,2,0
7,244.09,Health,2025-08-16,8,5,0
5,1118.03,Transport,2025-10-05,10,6,0
8,68861.17,Salary,2025-02-01,2,5,0
9,15544.09,Rent,2025-11-28,11,4,0
2,50028.1,Salary,2025-07-22,7,1,0
9,9941.63,Shopping,2025-04-02,4,2,0
4,77077.9,Salary,2025-09-18,9,3,0
4,1667.55,Utilities,2025-09-07,9,6,0
6,2738.95,Utilities,2025-03-10,3,0,0
2,24024.93,Rent,2025-01-05,1,6,0
10,1681.17,Food,2025-09-28,9,6,0
9,1309.32,Transport,2025-08-05,8,1,0
1,1591.02,Food,2025-11-16,11,6,0
7,760.53,Food,2025-10-06,10,0,0
1,272.88,Food,2025-04-08,4,1,0
2,291.74,Entertainment,2025-10-12,10,6,0
3,74215.96,Salary,2025-03-26,3,2,0
9,4638.93,Utilities,2025-06-18,6,2,0
2,2206.6,Transport,2025-07-26,7,5,0
5,422.4,Food,2025-08-12,8,1,0
5,2637.14,Transport,2025-01-31,1,4,0
6,69964.93,Salary,2025-10-28,10,1,0
6,25618.69,Rent,2025-11-03,11,0,0
9,20022.95,Rent,2025-11-01,11,5,0
6,78845.72,Salary,2025-05-23,5,4,0
10,5429.1,Shopping,2025-07-15,7,1,0
1,803.94,Transport,2025-09-29,9,0,0
1,1983.69,Transport,2025-12-16,12,1,0
10,3456.6,Utilities,2025-10-31,10,4,0
1,622.4,Health,2025-06-30,6,0,0
7,1770.92,Transport,2025-09-27,9,5,0
1,2351.66,Transport,2025-11-09,11,6,0
3,50162.31,Salary,2025-05-22,5,3,0
1,923.47,Health,2025-12-07,12,6,0
2,77930.09,Salary,2025-04-06,4,6,0
3,462.7,Food,2025-11-05,11,2,0
1,2859.27,Utilities,2025-06-08,6,6,0
4,1644.91,Food,2025-09-14,9,6,0
3,929.53,Transport,2025-07-06,7,6,0
3,3613.46,Utilities,2025-05-10,5,5,0
9,28723.44,Rent,2025-10-05,10,6,0
6,2006.83,Transport,2025-07-03,7,3,0
9,770.65,Health,2025-03-30,3,6,0
10,224.02,Health,2025-03-10,3,0,0
1,62367.79,Salary,2025-01-01,1,2,0
4,1825.18,Utilities,2025-02-04,2,1,0
3,1701.33,Food,2025-03-23,3,6,0
3,893.36,Transport,2025-10-25,10,5,0
7,563.2,Health,2025-12-11,12,3,0
10,1528.49,Food,2025-04-29,4,1,0
8,16635.18,Rent,2025-10-28,10,1,0
1,557.79,Entertainment,2025-05-21,5,2,0
5,50645.42,Salary,2025-11-25,11,1,0
1,68863.12,Salary,2025-04-19,4,5,0
4,2142.65,Utilities,2025-04-02,4,2,0
8,3492.51,Utilities,2025-01-01,1,2,0
10,413.25,Food,2025-02-07,2,4,0
2,258.78,Entertainment,2025-05-20,5,1,0
10,233.05,Health,2025-08-18,8,0,0
5,15170.17,Rent,2025-02-20,2,3,0
4,204.92,Health,2025-10-30,10,3,0
10,9221.18,Shopping,2025-11-23,11,6,0
4,603.69,Health,2025-03-26,3,2,0
7,414.3,Health,2025-10-19,10,6,0
9,76201.36,Salary,2025-12-01,12,0,0
2,882.47,Entertainment,2025-08-30,8,5,0
4,706.54,Health,2025-04-12,4,5,0
4,27030.74,Rent,2025-12-30,12,1,0
10,7162.3,Shopping,2025-08-12,8,1,0
7,526.93,Food,2025-01-24,1,4,0
10,1228.88,Transport,2025-10-15,10,2,0
8,3171.31,Utilities,2025-04-19,4,5,0
9,4314.14,Utilities,2025-06-29,6,6,0
1,2400.77,Shopping,2025-09-18,9,3,0
5,616.88,Entertainment,2025-03-31,3,0,0
5,730.21,Entertainment,2025-09-28,9,6,0
1,19482.92,Rent,2025-01-25,1,5,0
10,1276.76,Transport,2025-10-25,10,5,0
4,326.26,Health,2025-01-07,1,1,0
2,497.07,Entertainment,2025-06-30,6,0,0
2,15060.61,Rent,2025-09-28,9,6,0
9,2517.85,Utilities,2025-11-07,11,4,0
9,453.73,Entertainment,2025-10-06,10,0,0
5,408.8,Health,2025-12-31,12,2,0
1,4831.75,Shopping,2025-10-23,10,3,0
9,1966.49,Utilities,2025-05-15,5,3,0
5,942.08,Entertainment,2025-04-29,4,1,0
8,989.74,Entertainment,2025-02-15,2,5,0
2,75879.03,Rent,2025-08-06,8,2,1
6,280.03,Entertainment,2025-03-26,3,2,0
8,58349.14,Salary,2025-03-23,3,6,0
9,396.69,Food,2025-02-23,2,6,0
8,519.89,Health,2025-09-22,9,0,0
10,7290.34,Shopping,2025-12-12,12,4,0
3,1858.98,Food,2025-03-23,3,6,0
6,155.51,Entertainment,2025-02-27,2,3,0
7,2861.58,Transport,2025-03-06,3,3,0
4,2425.19,Shopping,2025-08-09,8,5,0
1,9632.24,Shopping,2025-02-07,2,4,0
2,52824.01,Salary,2025-02-27,2,3,0
7,17934.04,Rent,2025-10-25,10,5,0
7,60714.93,Salary,2025-01-21,1,1,0
5,563.13,Health,2025-01-31,1,4,0
4,804.77,Health,2025-03-23,3,6,0
5,474.97,Food,2025-05-01,5,3,0
6,311.42,Food,2025-04-23,4,2,0
4,695.02,Health,2025-10-20,10,0,0
4,4253.45,Utilities,2025-02-05,2,2,0
6,4045.13,Entertainment,2025-06-14,6,5,1
8,1962.31,Food,2025-04-18,4,4,0
4,2455.53,Utilities,2025-06-18,6,2,0
1,7608.61,Shopping,2025-11-27,11,3,0
8,758.32,Food,2025-09-15,9,0,0
4,3207.68,Utilities,2025-04-27,4,6,0
4,4392.65,Utilities,2025-07-07,7,0,0
7,72986.86,Salary,2025-04-23,4,2,0
6,522.16,Health,2025-12-21,12,6,0
1,750.08,Food,2025-05-05,5,0,0
5,22005.0,Rent,2025-05-08,5,3,0
6,65354.89,Salary,2025-10-14,10,1,0
7,41503.31,Salary,2025-07-10,7,3,0
5,9390.26,Shopping,2025-10-08,10,2,0
6,16556.68,Rent,2025-05-12,5,0,0
5,247.26,Health,2025-11-08,11,5,0
10,66350.63,Salary,2025-09-01,9,0,0
7,3948.4,Transport,2025-03-18,3,1,1
8,8052.54,Shopping,2025-12-23,12,1,0
3,1437.56,Food,2025-06-15,6,6,0
3,2607.18,Transport,2025-07-07,7,0,0
7,2041.16,Utilities,2025-10-23,10,3,0
9,79154.79,Salary,2025-10-09,10,3,0
1,1283.7,Food,2025-09-15,9,0,0
1,27292.07,Rent,2025-02-04,2,1,0
3,47081.84,Salary,2025-04-23,4,2,0
8,506.03,Health,2025-06-25,6,2,0
10,29861.57,Rent,2025-04-26,4,5,0
6,850.52,Transport,2025-07-22,7,1,0
10,73857.12,Salary,2025-05-18,5,6,0
8,938.42,Entertainment,2025-07-04,7,4,0
3,182.36,Entertainment,2025-09-12,9,4,0
10,449.61,Health,2025-06-19,6,3,0
2,159.41,Entertainment,2025-06-30,6,0,0
8,1744.13,Food,2025-11-27,11,3,0
9,9608.68,Shopping,2025-03-17,3,0,0
9,815.84,Transport,2025-10-16,10,3,0
4,2566.55,Utilities,2025-02-03,2,0,0
8,699.36,Health,2025-05-26,5,0,0
8,25521.98,Rent,2025-05-23,5,4,0
10,2395.41,Utilities,2025-06-06,6,4,0
2,26733.57,Rent,2025-07-03,7,3,0
4,1945.5,Food,2025-07-06,7,6,0
10,3914.53,Utilities,2025-10-21,10,1,0
9,1004.49,Food,2025-09-26,9,4,0
8,29071.45,Rent,2025-06-04,6,2,0
5,2893.38,Utilities,2025-11-11,11,1,0
7,2179.87,Utilities,2025-12-04,12,3,0
7,677.93,Entertainment,2025-10-12,10,6,0
6,29134.84,Rent,2025-08-09,8,5,0
4,1629.13,Food,2025-01-07,1,1,0
2,559.48,Health,2025-03-01,3,5,0
7,1642.29,Food,2025-07-09,7,2,0
8,2351.03,Utilities,2025-01-26,1,6,0
10,4440.45,Entertainment,2025-11-26,11,2,1
7,272.07,Health,2025-03-23,3,6,0
4,2137.42,Transport,2025-08-06,8,2,0
8,29485.74,Rent,2025-08-25,8,0,0
4,524.04,Food,2025-09-24,9,2,0
4,393.89,Entertainment,2025-01-26,1,6,0
1,1908.33,Utilities,2025-05-26,5,0,0
4,384.0,Entertainment,2025-11-19,11,2,0
6,1683.57,Food,2025-06-04,6,2,0
5,15837.15,Rent,2025-12-05,12,4,0
7,42121.84,Salary,2025-08-07,8,3,0
10,87732.17,Rent,2025-09-07,9,6,1
4,4786.8,Utilities,2025-10-25,10,5,0
10,3991.08,Utilities,2025-05-26,5,0,0
1,8998.22,Shopping,2025-05-30,5,4,0
7,3759.65,Shopping,2025-09-18,9,3,0
2,234.5,Health,2025-11-17,11,0,0
9,950.37,Health,2025-10-22,10,2,0
10,57492.7,Salary,2025-01-28,1,1,0
3,69509.74,Rent,2025-03-02,3,6,1
2,2737.72,Transport,2025-09-16,9,1,0
2,461.75,Food,2025-11-14,11,4,0
7,154.84,Health,2025-01-08,1,2,0
8,478.15,Health,2025-12-05,12,4,0
8,8664.39,Shopping,2025-10-11,10,5,0
2,29780.74,Rent,2025-04-28,4,0,0
10,77011.79,Salary,2025-04-19,4,5,0
2,66710.81,Salary,2025-03-05,3,2,0
10,1936.82,Food,2025-01-28,1,1,0
8,4477.04,Shopping,2025-08-29,8,4,0
2,51665.58,Salary,2025-11-13,11,3,0
8,589.4,Health,2025-11-09,11,6,0
3,4395.07,Utilities,2025-08-14,8,3,0
6,891.59,Food,2025-09-30,9,1,0
3,1924.89,Food,2025-07-14,7,0,0
5,717.34,Food,2025-09-30,9,1,0
7,2490.4,Transport,2025-09-08,9,0,0
5,2194.71,Transport,2025-09-21,9,6,0
3,1729.7,Food,2025-03-17,3,0,0
4,1016.94,Transport,2025-09-01,9,0,0
5,427.8,Food,2025-06-25,6,2,0
10,487.65,Health,2025-05-14,5,2,0
6,1503.9,Food,2025-07-17,7,3,0
9,1868.56,Transport,2025-07-23,7,2,0
3,42299.48,Salary,2025-12-02,12,1,0
10,1101.27,Transport,2025-11-06,11,3,0
9,4421.48,Utilities,2025-11-11,11,1,0
5,2227.61,Shopping,2025-11-25,11,1,0
7,1211.68,Utilities,2025-03-24,3,0,0
4,2301.76,Transport,2025-12-04,12,3,0
3,832.92,Entertainment,2025-01-18,1,5,0
8,4742.52,Utilities,2025-06-19,6,3,0
4,27362.79,Rent,2025-03-02,3,6,0
2,49503.72,Salary,2025-02-16,2,6,0
1,18746.76,Rent,2025-04-28,4,0,0
5,66925.51,Salary,2025-07-03,7,3,0
10,1353.86,Transport,2025-04-01,4,1,0
8,2377.47,Utilities,2025-03-17,3,0,0
4,232.34,Health,2025-01-17,1,4,0
5,20322.17,Rent,2025-07-24,7,3,0
6,2624.88,Transport,2025-12-21,12,6,0
9,3490.26,Utilities,2025-08-20,8,2,0
2,69077.45,Salary,2025-03-03,3,0,0
4,4534.35,Shopping,2025-11-10,11,0,0
6,25695.73,Rent,2025-07-04,7,4,0
7,1696.03,Food,2025-07-09,7,2,0
2,1287.36,Transport,2025-12-23,12,1,0
6,55331.8,Salary,2025-09-22,9,0,0
1,7722.64,Shopping,2025-06-30,6,0,0
10,9739.02,Shopping,2025-11-10,11,0,0
4,1860.83,Food,2025-12-07,12,6,0
9,2460.2,Utilities,2025-01-03,1,4,0
5,797.0,Health,2025-07-28,7,0,0
4,617.0,Entertainment,2025-07-16,7,2,0
5,29937.09,Rent,2025-10-13,10,0,0
5,1419.96,Health,2025-03-06,3,3,1
5,2543.04,Transport,2025-03-22,3,5,0
4,1515.97,Transport,2025-03-19,3,2,0
10,25253.56,Rent,2025-03-05,3,2,0
7,49634.73,Salary,2025-12-03,12,2,0
8,24574.93,Rent,2025-08-28,8,3,0
4,2476.49,Utilities,2025-10-28,10,1,0
8,270.07,Health,2025-09-10,9,2,0
8,690.55,Transport,2025-09-20,9,5,0
2,29624.54,Rent,2025-11-13,11,3,0
3,485.19,Entertainment,2025-04-07,4,0,0
2,4513.15,Shopping,2025-08-21,8,3,0
9,77026.38,Salary,2025-11-10,11,0,0
8,4427.36,Shopping,2025-10-30,10,3,0
5,58462.12,Salary,2025-05-23,5,4,0
7,754.56,Food,2025-12-17,12,2,0
4,861.32,Food,2025-04-18,4,4,0
6,1627.96,Food,2025-10-05,10,6,0
1,720.08,Entertainment,2025-12-02,12,1,0
10,2747.23,Transport,2025-03-13,3,3,0
6,243.4,Entertainment,2025-10-30,10,3,0
4,962.48,Food,2025-08-27,8,2,0
7,15420.09,Rent,2025-10-27,10,0,0
2,551.79,Entertainment,2025-12-02,12,1,0
2,8555.86,Shopping,2025-07-12,7,5,0
10,394.64,Health,2025-12-23,12,1,0
8,77624.59,Salary,2025-05-11,5,6,0
7,1894.5,Transport,2025-06-21,6,5,0
3,1349.22,Transport,2025-07-24,7,3,0
2,8197.75,Shopping,2025-06-04,6,2,0
1,512.0,Transport,2025-11-07,11,4,0
1,1745.68,Food,2025-07-11,7,4,0
2,1415.41,Food,2025-09-17,9,2,0
10,75016.58,Salary,2025-11-12,11,2,0
6,44255.26,Salary,2025-02-10,2,0,0
7,291.53,Health,2025-09-17,9,2,0
9,1182.99,Transport,2025-12-01,12,0,0
2,395.88,Entertainment,2025-11-08,11,5,0
10,1452.62,Utilities,2025-02-04,2,1,0
4,26623.75,Rent,2025-12-06,12,5,0
10,1995.72,Transport,2025-10-17,10,4,0
9,58515.25,Salary,2025-07-19,7,5,0
1,2834.69,Transport,2025-01-09,1,3,0
10,42596.74,Salary,2025-04-21,4,0,0
7,679.44,Health,2025-10-20,10,0,0
2,3530.76,Utilities,2025-10-22,10,2,0
1,314.63,Health,2025-02-13,2,3,0
7,150.8,Health,2025-02-19,2,2,0
2,6730.5,Shopping,2025-01-17,1,4,0
3,15064.83,Rent,2025-04-28,4,0,0
4,2922.61,Transport,2025-06-07,6,5,0
1,51756.16,Salary,2025-10-18,10,5,0
9,18062.74,Rent,2025-12-29,12,0,0
3,77417.36,Salary,2025-12-21,12,6,0
7,818.05,Entertainment,2025-09-20,9,5,0
5,42356.09,Salary,2025-08-17,8,6,0
1,58484.62,Salary,2025-12-02,12,1,0
4,1853.9,Food,2025-08-12,8,1,0
6,1113.08,Transport,2025-06-29,6,6,0
2,843.96,Entertainment,2025-10-09,10,3,0
4,1959.84,Transport,2025-07-22,7,1,0
8,20820.51,Rent,2025-09-04,9,3,0
9,1336.06,Utilities,2025-05-26,5,0,0
9,1568.87,Food,2025-07-22,7,1,0
8,1539.84,Shopping,2025-08-03,8,6,0
2,68675.31,Salary,2025-09-30,9,1,0
2,631.08,Food,2025-03-13,3,3,0
4,192.56,Entertainment,2025-01-27,1,0,0
10,681.64,Health,2025-11-23,11,6,0
8,1479.1,Food,2025-01-15,1,2,0
10,73835.48,Salary,2025-03-22,3,5,0
6,20973.16,Rent,2025-08-02,8,5,0
7,66616.38,Salary,2025-09-08,9,0,0
10,185.73,Health,2025-05-18,5,6,0
8,848.86,Health,2025-12-27,12,5,0
7,2000.53,Health,2025-10-17,10,4,1
10,20669.84,Rent,2025-02-27,2,3,0
7,2072.94,Utilities,2025-06-18,6,2,0
9,479.86,Health,2025-10-15,10,2,0
7,2178.69,Transport,2025-07-23,7,2,0
1,78788.48,Salary,2025-02-11,2,1,0
10,914.07,Health,2025-07-08,7,1,0
6,2165.54,Shopping,2025-03-13,3,3,0
2,1026.7,Food,2025-06-28,6,5,0
3,838.95,Transport,2025-04-15,4,1,0
8,209.87,Entertainment,2025-09-22,9,0,0
6,108.23,Entertainment,2025-01-19,1,6,0
7,29985.77,Rent,2025-07-27,7,6,0
1,60577.68,Salary,2025-07-29,7,1,0
2,266.85,Entertainment,2025-03-31,3,0,0
9,15910.59,Rent,2025-10-13,10,0,0
5,1617.27,Utilities,2025-11-01,11,5,0
10,1297.07,Food,2025-12-03,12,2,0
7,63681.26,Salary,2025-02-12,2,2,0
3,1532.17,Food,2025-07-13,7,6,0
3,957.88,Entertainment,2025-05-02,5,4,0
9,689.63,Entertainment,2025-04-30,4,2,0
4,818.02,Health,2025-11-17,11,0,0
2,29166.52,Rent,2025-01-18,1,5,0
8,665.17,Health,2025-01-04,1,5,0
7,1140.52,Transport,2025-08-12,8,1,0
1,63061.31,Salary,2025-04-08,4,1,0
1,1154.17,Shopping,2025-09-21,9,6,0
4,821.95,Entertainment,2025-08-02,8,5,0
5,20002.52,Rent,2025-03-30,3,6,0
5,821.14,Health,2025-05-06,5,1,0
3,2483.49,Utilities,2025-01-08,1,2,0
2,1047.0,Transport,2025-03-20,3,3,0
5,24857.9,Rent,2025-01-08,1,2,0
5,8377.03,Shopping,2025-05-17,5,5,0
4,1054.65,Transport,2025-04-13,4,6,0
1,2577.1,Utilities,2025-11-16,11,6,0
7,1735.6,Food,2025-06-08,6,6,0
10,7402.86,Shopping,2025-09-16,9,1,0
7,664.84,Food,2025-12-20,12,5,0
6,1834.72,Shopping,2025-12-29,12,0,0
3,1714.47,Transport,2025-11-29,11,5,0
8,77837.46,Salary,2025-04-08,4,1,0
10,2984.24,Utilities,2025-12-11,12,3,0
1,694.02,Entertainment,2025-03-13,3,3,0
7,53797.92,Salary,2025-06-01,6,6,0
1,1708.43,Transport,2025-06-14,6,5,0
5,8490.31,Shopping,2025-07-05,7,5,1
8,1771.88,Food,2025-02-27,2,3,0
1,894.54,Transport,2025-07-13,7,6,0
7,2218.33,Utilities,2025-03-12,3,2,0
1,477.18,Health,2025-05-18,5,6,0
5,3383.73,Utilities,2025-02-28,2,4,0
8,8497.05,Transport,2025-10-04,10,5,1
4,967.41,Health,2025-12-12,12,4,0
2,850.48,Food,2025-09-05,9,4,0
10,2579.16,Transport,2025-07-13,7,6,0
1,491.65,Entertainment,2025-10-29,10,2,0
8,2625.17,Shopping,2025-06-19,6,3,0
1,1498.94,Utilities,2025-02-14,2,4,0
6,102659.28,Rent,2025-03-19,3,2,1
5,298.68,Health,2025-07-01,7,1,0
4,1654.0,Shopping,2025-01-14,1,1,0
8,633.1,Entertainment,2025-12-03,12,2,0
7,44284.66,Salary,2025-04-25,4,4,0
2,990.76,Entertainment,2025-04-09,4,2,0
9,23965.5,Rent,2025-07-13,7,6,0
8,1802.8,Food,2025-06-14,6,5,0
3,3980.45,Shopping,2025-04-26,4,5,0
1,69059.54,Salary,2025-02-14,2,4,0
3,591.18,Health,2025-01-01,1,2,0
8,1259.72,Utilities,2025-09-30,9,1,0
3,717.85,Food,2025-01-07,1,1,0
5,1601.64,Food,2025-02-14,2,4,0
4,1670.19,Transport,2025-05-23,5,4,0
8,5585.32,Shopping,2025-05-23,5,4,0
5,697.07,Health,2025-02-01,2,5,0
4,25760.75,Rent,2025-04-01,4,1,0
8,49673.2,Salary,2025-01-22,1,2,0
10,660.48,Health,2025-04-15,4,1,0
9,3579.83,Utilities,2025-03-15,3,5,0
6,24561.06,Rent,2025-04-28,4,0,0
6,744.2,Health,2025-04-22,4,1,0
4,595.34,Entertainment,2025-02-01,2,5,0
6,419.8,Health,2025-12-19,12,4,0
8,4960.41,Utilities,2025-11-27,11,3,0
3,1358.93,Food,2025-01-07,1,1,0
5,72849.35,Salary,2025-05-11,5,6,0
2,1540.61,Shopping,2025-08-01,8,4,0
6,61093.29,Salary,2025-09-28,9,6,0
10,42296.21,Salary,2025-03-25,3,1,0
8,6615.92,Shopping,2025-12-03,12,2,0
9,1939.14,Utilities,2025-05-02,5,4,0
8,323.19,Entertainment,2025-08-19,8,1,0
2,1318.25,Food,2025-02-20,2,3,0
4,54159.71,Salary,2025-03-27,3,3,0
1,646.78,Food,2025-08-21,8,3,0
1,2412.91,Transport,2025-01-16,1,3,0
9,6750.83,Shopping,2025-03-08,3,5,0
7,6672.02,Transport,2025-07-10,7,3,1
5,4806.72,Utilities,2025-06-16,6,0,0
10,425.67,Health,2025-12-09,12,1,0
2,15685.31,Rent,2025-08-28,8,3,0
2,4299.57,Utilities,2025-03-24,3,0,0
8,2489.96,Transport,2025-11-20,11,3,0
10,879.71,Entertainment,2025-08-21,8,3,0
5,544.41,Food,2025-07-29,7,1,0
5,16042.62,Rent,2025-01-16,1,3,0
4,1650.3,Food,2025-02-02,2,6,0
10,1259.28,Transport,2025-04-14,4,0,0
5,8617.12,Shopping,2025-05-12,5,0,0
8,66230.73,Salary,2025-02-19,2,2,0
10,29502.22,Rent,2025-08-29,8,4,0
2,58583.21,Salary,2025-11-07,11,4,0
5,25423.76,Rent,2025-03-08,3,5,0
7,1765.67,Utilities,2025-07-15,7,1,0
1,4911.47,Utilities,2025-02-03,2,0,0
3,684.5,Entertainment,2025-07-12,7,5,0
4,375.99,Entertainment,2025-04-30,4,2,0
6,1769.72,Food,2025-08-07,8,3,0
1,1438.71,Utilities,2025-02-18,2,1,0
10,72881.05,Salary,2025-06-18,6,2,0
10,25969.83,Rent,2025-11-29,11,5,0
6,2191.43,Transport,2025-08-01,8,4,0
10,60282.64,Salary,2025-06-23,6,0,0
5,680.09,Health,2025-08-19,8,1,0
9,3017.55,Utilities,2025-02-22,2,5,0
1,1418.91,Utilities,2025-06-11,6,2,0
7,2324.29,Utilities,2025-06-12,6,3,0
5,446.89,Entertainment,2025-02-01,2,5,0
8,1484.48,Food,2025-05-12,5,0,0
10,48607.65,Salary,2025-01-07,1,1,0
4,6199.63,Shopping,2025-08-19,8,1,0
9,16507.65,Rent,2025-09-27,9,5,0
4,1371.08,Food,2025-12-16,12,1,0
5,9597.87,Shopping,2025-01-11,1,5,0
6,506.76,Health,2025-09-14,9,6,0
1,2051.92,Transport,2025-06-27,6,4,0
8,24427.33,Rent,2025-02-09,2,6,0
3,1306.8,Transport,2025-05-25,5,6,0
1,293.37,Health,2025-06-13,6,4,0
3,247.86,Entertainment,2025-11-17,11,0,0
1,4569.88,Shopping,2025-02-15,2,5,0
7,401.78,Entertainment,2025-10-22,10,2,0
5,940.89,Entertainment,2025-07-28,7,0,0
6,699.08,Entertainment,2025-11-07,11,4,0
3,681.0,Food,2025-06-19,6,3,0
9,26887.09,Rent,2025-10-15,10,2,0
1,20145.74,Rent,2025-08-23,8,5,0
9,494.91,Entertainment,2025-09-20,9,5,0
6,2578.97,Utilities,2025-01-24,1,4,0
7,1010.04,Food,2025-01-29,1,2,0
10,4883.4,Shopping,2025-09-13,9,5,0
10,17052.04,Rent,2025-10-22,10,2,0
10,18161.36,Rent,2025-08-19,8,1,0
4,25151.3,Rent,2025-06-25,6,2,0
8,1959.32,Transport,2025-06-20,6,4,0
1,722.88,Entertainment,2025-07-30,7,2,0
8,6396.09,Shopping,2025-10-01,10,2,0
9,338.63,Entertainment,2025-10-14,10,1,0
3,3098.47,Shopping,2025-07-08,7,1,0
4,484.4,Food,2025-05-28,5,2,0
5,63950.74,Salary,2025-01-16,1,3,0
6,1352.2,Utilities,2025-04-07,4,0,0
10,536.46,Entertainment,2025-12-22,12,0,0
10,22274.28,Rent,2025-09-16,9,1,0
3,1491.85,Entertainment,2025-08-20,8,2,1
6,46709.64,Salary,2025-08-31,8,6,0
1,969.05,Transport,2025-09-04,9,3,0
3,1585.09,Transport,2025-12-22,12,0,0
2,126.79,Entertainment,2025-03-03,3,0,0
1,835.47,Health,2025-03-12,3,2,0
4,866.01,Health,2025-07-16,7,2,0
5,2286.94,Shopping,2025-07-03,7,3,0
7,516.03,Health,2025-01-04,1,5,0
10,15164.03,Rent,2025-10-08,10,2,0
3,783.24,Entertainment,2025-10-14,10,1,0
9,29107.31,Rent,2025-05-21,5,2,0
2,417.49,Food,2025-09-06,9,5,0
1,956.3,Entertainment,2025-10-12,10,6,0
4,9511.37,Shopping,2025-11-05,11,2,0
4,4983.72,Utilities,2025-01-28,1,1,0
3,74838.38,Salary,2025-06-20,6,4,0
10,3406.89,Utilities,2025-11-14,11,4,0
7,4730.86,Utilities,2025-08-09,8,5,0
2,207.47,Health,2025-07-29,7,1,0
10,15535.78,Rent,2025-06-28,6,5,0
7,481.4,Health,2025-01-15,1,2,0
6,289.37,Health,2025-01-19,1,6,0
7,17913.48,Rent,2025-07-13,7,6,0
4,800.76,Transport,2025-03-06,3,3,0
2,54499.86,Salary,2025-03-11,3,1,0
6,872.03,Entertainment,2025-03-30,3,6,0
10,48417.46,Salary,2025-03-20,3,3,0
4,1215.41,Utilities,2025-02-12,2,2,0
7,648.11,Entertainment,2025-10-20,10,0,0
3,1969.62,Transport,2025-04-10,4,3,0
5,646.73,Entertainment,2025-04-02,4,2,0
6,2362.8,Utilities,2025-06-09,6,0,0
10,77687.25,Salary,2025-07-31,7,3,0
7,71154.84,Salary,2025-09-07,9,6,0
3,2982.79,Transport,2025-07-31,7,3,0
9,1923.33,Transport,2025-01-07,1,1,0
1,16756.64,Rent,2025-03-04,3,1,0
2,5399.03,Shopping,2025-05-27,5,1,0
3,967.57,Entertainment,2025-03-25,3,1,0
5,28944.21,Rent,2025-01-17,1,4,0
7,101177.04,Rent,2025-05-05,5,0,1
9,6493.07,Shopping,2025-01-29,1,2,0
6,20826.84,Rent,2025-09-18,9,3,0
7,1862.65,Shopping,2025-07-27,7,6,0
6,2380.16,Utilities,2025-04-11,4,4,0
8,41517.62,Salary,2025-07-15,7,1,0
10,15347.85,Utilities,2025-08-02,8,5,1
8,4204.85,Shopping,2025-07-18,7,4,0
3,1072.38,Food,2025-05-17,5,5,0
4,19916.62,Rent,2025-08-31,8,6,0
4,927.43,Entertainment,2025-10-21,10,1,0
1,2470.27,Transport,2025-05-05,5,0,0
10,3453.32,Utilities,2025-03-04,3,1,0
10,2293.43,Transport,2025-05-07,5,2,0
10,15832.14,Rent,2025-04-27,4,6,0
8,415.06,Entertainment,2025-05-10,5,5,0
10,2805.65,Utilities,2025-06-23,6,0,0
3,852.82,Entertainment,2025-09-20,9,5,0
4,608.3,Entertainment,2025-04-29,4,1,0
7,682.39,Health,2025-11-18,11,1,0
6,17645.56,Rent,2025-04-10,4,3,0
1,51834.06,Salary,2025-08-26,8,1,0
5,699.78,Food,2025-04-04,4,4,0
1,609.56,Food,2025-02-24,2,0,0
8,1613.26,Transport,2025-07-03,7,3,0
9,370.68,Entertainment,2025-08-16,8,5,0
7,1635.52,Shopping,2025-08-17,8,6,0
7,768.33,Food,2025-12-16,12,1,0
1,833.24,Entertainment,2025-07-29,7,1,0
8,61897.97,Salary,2025-08-23,8,5,0
3,18359.4,Rent,2025-09-05,9,4,0
8,1494.92,Transport,2025-01-13,1,0,0
8,876.58,Food,2025-12-18,12,3,0
3,2927.09,Transport,2025-12-29,12,0,0
10,920.99,Health,2025-11-25,11,1,0
2,20963.46,Rent,2025-12-04,12,3,0
9,1110.74,Food,2025-08-20,8,2,0
7,544.07,Health,2025-05-29,5,3,0
2,62845.04,Salary,2025-04-18,4,4,0
1,68698.06,Salary,2025-10-25,10,5,0
8,569.17,Entertainment,2025-01-31,1,4,0
8,5655.54,Shopping,2025-11-18,11,1,0
5,671.52,Health,2025-10-21,10,1,0
7,9043.17,Utilities,2025-03-19,3,2,1
9,1693.53,Food,2025-06-12,6,3,0
4,195.46,Health,2025-06-25,6,2,0
10,491.59,Entertainment,2025-03-03,3,0,0
3,198.41,Entertainment,2025-11-03,11,0,0
5,21616.75,Rent,2025-02-16,2,6,0
9,846.1,Entertainment,2025-06-21,6,5,0
7,1015.3,Food,2025-05-07,5,2,0
1,1017.13,Shopping,2025-11-08,11,5,0
4,856.79,Entertainment,2025-05-02,5,4,0
1,1706.49,Shopping,2025-12-22,12,0,0
3,981.24,Transport,2025-06-29,6,6,0
9,4259.78,Shopping,2025-09-27,9,5,0
8,1269.05,Transport,2025-12-10,12,2,0
7,1013.44,Transport,2025-11-10,11,0,0
5,161.92,Entertainment,2025-02-03,2,0,0
6,62359.72,Salary,2025-08-02,8,5,0
9,611.96,Health,2025-11-20,11,3,0
10,138.54,Entertainment,2025-11-24,11,0,0
5,321.14,Health,2025-01-17,1,4,0
1,742.03,Health,2025-08-15,8,4,0
9,1393.83,Transport,2025-04-12,4,5,0
3,2452.28,Utilities,2025-10-09,10,3,0
9,335.7,Entertainment,2025-01-28,1,1,0
3,1729.26,Shopping,2025-03-20,3,3,0
3,5912.13,Shopping,2025-02-07,2,4,0
6,1589.27,Transport,2025-07-26,7,5,0
3,2344.58,Utilities,2025-07-13,7,6,0
2,542.97,Health,2025-01-18,1,5,0
4,43171.58,Salary,2025-03-23,3,6,0
3,17203.14,Rent,2025-01-29,1,2,0
3,1407.65,Transport,2025-07-18,7,4,0
2,25783.27,Rent,2025-05-05,5,0,0
2,666.63,Entertainment,2025-08-17,8,6,0
8,4219.01,Utilities,2025-10-14,10,1,0
9,2031.22,Transport,2025-05-06,5,1,0
3,946.12,Transport,2025-03-29,3,5,0
2,564.5,Health,2025-12-22,12,0,0
3,967.78,Food,2025-04-13,4,6,0
8,700.86,Food,2025-10-18,10,5,0
7,60478.84,Salary,2025-07-06,7,6,0
3,1664.06,Utilities,2025-08-13,8,2,0
4,1774.01,Transport,2025-08-20,8,2,0
5,24698.07,Rent,2025-11-17,11,0,0
1,1125.53,Transport,2025-03-29,3,5,0
5,444.81,Entertainment,2025-08-03,8,6,0
8,1588.99,Food,2025-07-09,7,2,0
10,857.0,Health,2025-06-18,6,2,0
2,5649.05,Shopping,2025-04-20,4,6,0
4,837.95,Entertainment,2025-04-10,4,3,0
4,522.53,Food,2025-09-10,9,2,0
8,428.71,Entertainment,2025-12-23,12,1,0
4,1747.68,Food,2025-03-27,3,3,0
7,231.57,Health,2025-03-02,3,6,0
1,1973.3,Transport,2025-10-31,10,4,0
9,61424.9,Salary,2025-03-08,3,5,0
9,2225.61,Utilities,2025-03-28,3,4,0
4,1479.5,Utilities,2025-01-04,1,5,0
6,974.34,Health,2025-11-02,11,6,0
1,3876.16,Shopping,2025-01-31,1,4,0
9,90832.27,Rent,2025-02-22,2,5,1
9,42360.97,Salary,2025-09-05,9,4,0
1,901.68,Transport,2025-05-09,5,4,0
2,3523.02,Utilities,2025-07-26,7,5,0
3,589.72,Food,2026-01-01,1,3,0
4,2843.51,Utilities,2025-11-29,11,5,0
5,667.8,Entertainment,2025-11-10,11,0,0
10,23351.55,Rent,2025-05-31,5,5,0
9,454.07,Health,2025-08-22,8,4,0
8,25735.54,Rent,2025-02-06,2,3,0
9,56265.13,Salary,2025-12-11,12,3,0
10,42158.45,Salary,2025-10-28,10,1,0
7,65893.94,Salary,2025-01-25,1,5,0
8,524.39,Health,2025-02-28,2,4,0
1,1504.41,Transport,2025-08-20,8,2,0
9,2618.84,Shopping,2025-06-09,6,0,0
6,489.16,Health,2025-03-06,3,3,0
2,187.43,Health,2025-02-20,2,3,0
4,28096.42,Rent,2025-07-21,7,0,0
6,1578.98,Food,2025-06-04,6,2,0
2,474.44,Entertainment,2025-02-08,2,5,0
3,5653.14,Shopping,2025-10-31,10,4,0
9,19927.25,Rent,2025-06-07,6,5,0
8,42216.11,Salary,2025-05-04,5,6,0
10,1657.71,Food,2025-08-03,8,6,0
6,25159.94,Rent,2025-05-19,5,0,0
2,2844.86,Utilities,2025-01-13,1,0,0
6,716.22,Food,2025-03-07,3,4,0
9,227.89,Entertainment,2025-05-02,5,4,0
2,1737.56,Food,2025-10-25,10,5,0
7,1452.24,Food,2025-04-29,4,1,0
9,1751.87,Food,2025-07-07,7,0,0
4,17711.41,Rent,2025-08-21,8,3,0
6,21585.51,Rent,2025-07-03,7,3,0
5,450.3,Health,2025-06-14,6,5,0
10,19346.77,Rent,2025-06-13,6,4,0
1,4649.25,Utilities,2025-03-02,3,6,0
5,294.52,Health,2025-06-18,6,2,0
1,244.26,Entertainment,2025-05-23,5,4,0
1,264.19,Entertainment,2025-12-15,12,0,0
5,165.7,Entertainment,2025-06-18,6,2,0
2,1284.37,Utilities,2025-02-11,2,1,0
6,46549.93,Salary,2025-07-21,7,0,0
3,1404.91,Utilities,2025-07-13,7,6,0
9,8696.89,Shopping,2025-03-27,3,3,0
4,235.17,Health,2025-04-16,4,2,0
4,2775.23,Transport,2025-07-30,7,2,0
5,2804.54,Utilities,2025-07-19,7,5,0
4,749.26,Health,2025-02-07,2,4,0
8,2197.41,Utilities,2025-02-27,2,3,0
6,1701.57,Utilities,2025-10-27,10,0,0
6,2363.99,Food,2025-12-06,12,5,1
3,925.21,Entertainment,2025-05-03,5,5,0
6,1599.41,Transport,2025-11-01,11,5,0
9,1331.61,Food,2025-02-23,2,6,0
3,347.65,Health,2025-07-30,7,2,0
2,1154.38,Transport,2025-04-01,4,1,0
7,3879.72,Shopping,2025-05-20,5,1,0
9,2305.0,Transport,2025-03-23,3,6,0
8,19965.54,Rent,2025-01-31,1,4,0
6,2618.91,Transport,2025-01-29,1,2,0
2,1910.47,Transport,2025-01-12,1,6,0
5,24346.16,Rent,2025-02-08,2,5,0
10,9787.15,Shopping,2025-07-28,7,0,0
5,2065.49,Transport,2025-11-24,11,0,0
3,921.47,Transport,2025-01-18,1,5,0
9,46442.81,Salary,2025-03-24,3,0,0
1,1687.4,Transport,2025-11-20,11,3,0
10,21324.97,Rent,2025-05-20,5,1,0
10,4171.12,Utilities,2025-06-07,6,5,0
8,899.42,Health,2025-10-01,10,2,0
1,21177.31,Rent,2025-10-01,10,2,0
8,71200.83,Salary,2025-06-27,6,4,0
6,18118.18,Rent,2025-10-12,10,6,0
2,9301.69,Shopping,2025-04-11,4,4,0
2,2553.23,Transport,2025-07-29,7,1,0
10,454.22,Food,2025-09-21,9,6,0
2,342.41,Entertainment,2025-06-06,6,4,0
1,4348.81,Utilities,2025-08-19,8,1,0
9,993.65,Health,2025-12-08,12,0,0
6,142.4,Health,2025-08-08,8,4,0
10,222.23,Entertainment,2025-10-30,10,3,0
7,548.93,Health,2025-06-10,6,1,0
6,619.22,Health,2025-06-16,6,0,0
1,75691.9,Salary,2025-11-01,11,5,0
6,120.41,Health,2025-01-23,1,3,0
7,2997.62,Utilities,2025-08-20,8,2,0
9,691.61,Food,2025-02-26,2,2,0
6,57226.55,Salary,2025-08-20,8,2,0
4,2288.47,Shopping,2025-04-18,4,4,0
1,1548.94,Transport,2025-03-28,3,4,0
9,115.27,Health,2025-11-07,11,4,0
4,350.98,Food,2025-06-11,6,2,0
1,29970.05,Rent,2025-11-04,11,1,0
5,67746.03,Salary,2025-02-13,2,3,0
6,2859.24,Transport,2025-02-21,2,4,0
9,908.04,Health,2025-07-12,7,5,0
4,64673.82,Salary,2025-02-09,2,6,0
2,3011.15,Utilities,2025-07-29,7,1,0
3,7886.48,Shopping,2025-05-03,5,5,0
6,7652.05,Shopping,2025-06-07,6,5,0
8,677.28,Transport,2025-09-02,9,1,0
5,49078.42,Salary,2025-07-12,7,5,0
8,1677.09,Utilities,2025-01-01,1,2,0
3,382.16,Entertainment,2025-04-24,4,3,0
4,8593.15,Shopping,2025-03-17,3,0,0
10,6651.19,Shopping,2025-06-04,6,2,0
4,535.72,Transport,2025-10-02,10,3,0
8,3456.57,Utilities,2025-05-26,5,0,0
3,50204.58,Salary,2025-08-06,8,2,0
3,3941.31,Utilities,2025-08-16,8,5,0
3,18765.85,Rent,2025-03-10,3,0,0
9,1944.43,Food,2025-05-27,5,1,0
8,2407.68,Transport,2025-03-22,3,5,0
10,4138.48,Shopping,2025-09-23,9,1,0
7,25696.19,Rent,2025-06-29,6,6,0
5,4611.41,Utilities,2025-07-14,7,0,0
9,2219.61,Transport,2025-04-29,4,1,0
6,54423.94,Salary,2025-12-14,12,6,0
6,1433.88,Transport,2025-08-04,8,0,0
4,321.11,Health,2025-06-25,6,2,0
9,4524.14,Utilities,2025-06-04,6,2,0
8,18620.31,Utilities,2025-11-01,11,5,1
4,756.49,Entertainment,2025-10-13,10,0,0
7,2295.09,Utilities,2025-12-20,12,5,0
3,1735.43,Utilities,2025-11-08,11,5,0
2,71334.86,Salary,2025-12-28,12,6,0
6,877.27,Food,2025-04-19,4,5,0
10,913.62,Entertainment,2025-11-01,11,5,0
4,15472.56,Rent,2025-09-30,9,1,0
2,2485.91,Utilities,2025-12-03,12,2,0
3,433.95,Health,2025-08-10,8,6,0
4,19317.7,Rent,2025-10-04,10,5,0
4,1213.26,Shopping,2025-03-27,3,3,0
3,556.17,Health,2025-08-06,8,2,0
3,854.15,Entertainment,2025-03-22,3,5,0
3,4865.71,Utilities,2025-09-24,9,2,0
4,55182.11,Salary,2025-05-23,5,4,0
10,459.58,Food,2025-07-15,7,1,0
10,2964.02,Transport,2025-04-27,4,6,0
8,1787.96,Food,2025-10-01,10,2,0
10,2696.59,Utilities,2025-10-26,10,6,0
6,398.5,Health,2025-06-19,6,3,0
4,6386.09,Shopping,2025-09-17,9,2,0
9,1689.24,Food,2025-11-26,11,2,0
2,4346.1,Utilities,2025-01-12,1,6,0
2,41801.5,Shopping,2025-07-05,7,5,1
3,24394.19,Rent,2025-07-10,7,3,0
7,64623.71,Salary,2025-11-17,11,0,0
1,70102.91,Salary,2025-03-13,3,3,0
4,24161.16,Rent,2025-11-07,11,4,0
8,69742.39,Salary,2025-12-13,12,5,0
2,224.64,Health,2025-06-29,6,6,0
8,17334.21,Utilities,2025-08-01,8,4,1
6,753.5,Health,2025-08-03,8,6,0
3,64516.53,Salary,2026-01-01,1,3,0
8,405.18,Entertainment,2025-04-13,4,6,0
4,5994.57,Shopping,2025-10-03,10,4,0
4,72447.4,Salary,2025-09-12,9,4,0
6,4422.91,Shopping,2025-03-03,3,0,0
7,68684.81,Salary,2025-11-15,11,5,0
8,2761.77,Transport,2025-11-05,11,2,0
9,1364.12,Utilities,2025-08-29,8,4,0
2,1072.0,Food,2025-04-17,4,3,0
1,752.33,Transport,2025-07-17,7,3,0
7,50489.8,Salary,2025-10-14,10,1,0
8,2651.64,Transport,2025-05-25,5,6,0
6,740.0,Food,2025-11-23,11,6,0
5,532.41,Health,2025-07-21,7,0,0
1,927.19,Health,2025-03-09,3,6,0
2,1419.28,Transport,2025-03-21,3,4,0
4,8878.66,Shopping,2025-09-12,9,4,0
4,65165.45,Salary,2025-08-17,8,6,0
8,2529.99,Utilities,2025-02-19,2,2,0
10,298.39,Health,2025-07-14,7,0,0
1,1450.92,Food,2025-07-13,7,6,0
7,1174.62,Utilities,2025-07-22,7,1,0
9,1894.23,Food,2025-06-22,6,6,0
2,378.79,Entertainment,2025-01-18,1,5,0
9,9609.1,Shopping,2025-03-29,3,5,0
9,1281.56,Entertainment,2025-08-21,8,3,1
2,22032.55,Rent,2025-01-22,1,2,0
1,55707.78,Salary,2025-05-16,5,4,0
5,1866.67,Transport,2025-02-04,2,1,0
1,70082.01,Salary,2025-08-20,8,2,0
10,217.74,Food,2025-01-05,1,6,0
3,73355.16,Salary,2025-10-04,10,5,0
4,25015.52,Rent,2025-10-24,10,4,0
8,1645.16,Transport,2025-01-21,1,1,0
6,15012.66,Rent,2025-10-22,10,2,0
4,3054.47,Utilities,2025-06-12,6,3,0
5,48966.46,Salary,2025-12-30,12,1,0
6,2507.51,Utilities,2025-05-12,5,0,0
6,5056.56,Transport,2025-04-10,4,3,1
4,694.91,Health,2025-08-20,8,2,0
5,2055.18,Transport,2025-02-27,2,3,0
1,18021.17,Rent,2025-06-16,6,0,0
6,79673.32,Rent,2025-04-14,4,0,1
8,25486.45,Rent,2025-08-25,8,0,0
9,56510.53,Salary,2025-01-02,1,3,0
2,772.28,Entertainment,2025-02-14,2,4,0
8,11250.62,Utilities,2025-05-03,5,5,1
5,797.02,Food,2025-05-19,5,0,0
3,270.77,Entertainment,2025-08-18,8,0,0
10,25612.17,Rent,2025-11-17,11,0,0
2,6518.01,Shopping,2025-06-05,6,3,0
1,663.78,Entertainment,2025-11-16,11,6,0
1,1476.21,Food,2025-06-18,6,2,0
5,23209.55,Rent,2025-07-08,7,1,0
2,1861.26,Transport,2025-12-09,12,1,0
8,23924.49,Rent,2025-01-22,1,2,0
5,15237.88,Rent,2025-08-01,8,4,0
9,2122.75,Transport,2025-07-04,7,4,0
1,1891.4,Transport,2025-05-27,5,1,0
8,9401.12,Shopping,2025-10-29,10,2,0
3,16455.94,Rent,2025-03-18,3,1,0
7,2440.14,Transport,2025-08-01,8,4,0
10,4981.84,Utilities,2025-10-05,10,6,0
9,1359.73,Transport,2025-03-31,3,0,0
4,696.76,Health,2025-12-18,12,3,0
10,51941.31,Salary,2025-03-02,3,6,0
9,213.08,Entertainment,2025-05-01,5,3,0
1,19996.75,Rent,2025-05-06,5,1,0
1,16802.11,Rent,2025-05-31,5,5,0
10,889.53,Food,2025-12-02,12,1,0
4,522.58,Transport,2025-02-25,2,1,0
9,4900.07,Shopping,2025-06-21,6,5,0
10,249.3,Entertainment,2025-01-16,1,3,0
8,806.93,Health,2025-07-18,7,4,0
7,915.21,Entertainment,2025-08-05,8,1,0
7,276.73,Food,2025-09-20,9,5,0
4,823.62,Health,2025-09-15,9,0,0
4,554.09,Entertainment,2025-10-13,10,0,0
4,1423.19,Transport,2025-05-11,5,6,0
1,61306.28,Salary,2025-04-24,4,3,0
6,19654.57,Rent,2025-03-13,3,3,0
1,16122.76,Rent,2025-02-10,2,0,0
4,997.86,Food,2025-06-10,6,1,0
4,103.8,Health,2025-07-07,7,0,0
6,128.8,Entertainment,2025-05-03,5,5,0
6,18819.37,Rent,2025-06-08,6,6,0
7,875.29,Entertainment,2025-01-28,1,1,0
8,54388.47,Salary,2025-01-27,1,0,0
2,63964.9,Salary,2025-06-26,6,3,0
7,45718.43,Salary,2025-06-08,6,6,0
4,1792.46,Food,2025-10-20,10,0,0
8,3166.65,Shopping,2025-11-10,11,0,0
1,778.27,Entertainment,2025-08-30,8,5,0
8,2827.22,Transport,2025-08-03,8,6,0
4,374.98,Health,2025-10-04,10,5,0
7,2228.23,Transport,2025-09-16,9,1,0
2,1995.18,Food,2025-07-21,7,0,0
9,3479.55,Utilities,2025-03-01,3,5,0
6,426.57,Food,2025-11-18,11,1,0
2,17667.01,Rent,2025-06-25,6,2,0
3,1524.53,Transport,2025-11-07,11,4,0
3,575.63,Health,2025-12-07,12,6,0
9,1001.95,Food,2025-04-19,4,5,0
6,1929.25,Utilities,2025-01-18,1,5,0
9,560.31,Health,2025-05-10,5,5,0
2,108.98,Entertainment,2025-03-29,3,5,0
6,445.91,Health,2025-11-12,11,2,0
2,2257.46,Transport,2025-08-24,8,6,0
2,3617.65,Shopping,2025-03-18,3,1,0
10,77253.18,Salary,2025-01-25,1,5,0
2,26972.8,Rent,2025-04-23,4,2,0
10,56560.52,Salary,2025-12-26,12,4,0
8,2460.76,Transport,2025-11-17,11,0,0
6,1467.45,Shopping,2025-08-27,8,2,0
7,24933.91,Rent,2025-12-12,12,4,0
10,5056.26,Shopping,2025-01-02,1,3,0
9,937.96,Entertainment,2025-01-25,1,5,0
8,23194.13,Rent,2025-03-02,3,6,0
5,7722.02,Shopping,2025-06-17,6,1,0
1,976.48,Health,2025-04-20,4,6,0
8,1638.82,Utilities,2025-07-02,7,2,0
5,335.59,Entertainment,2025-11-14,11,4,0
7,436.06,Entertainment,2025-01-10,1,4,0
3,29405.79,Rent,2025-01-16,1,3,0
2,1277.1,Transport,2025-04-26,4,5,0
6,999.37,Entertainment,2025-05-23,5,4,0
4,1970.67,Transport,2025-04-08,4,1,0
4,3641.37,Utilities,2025-06-08,6,6,0
9,102998.74,Rent,2025-02-11,2,1,1
9,826.85,Health,2025-12-28,12,6,0
2,3685.38,Utilities,2025-02-16,2,6,0
9,1314.79,Food,2025-04-04,4,4,0
6,1337.03,Shopping,2025-01-09,1,3,0
10,2381.46,Transport,2025-04-03,4,3,0
8,4000.12,Shopping,2025-01-16,1,3,0
1,227.26,Health,2025-02-10,2,0,0
8,1348.72,Transport,2025-08-24,8,6,0
8,27837.19,Rent,2025-06-23,6,0,0
3,1052.57,Transport,2025-06-19,6,3,0
5,24335.98,Rent,2025-11-02,11,6,0
9,16163.26,Rent,2025-02-14,2,4,0
9,41291.62,Salary,2025-02-03,2,0,0
8,1394.25,Utilities,2025-03-17,3,0,0
8,720.22,Food,2025-11-05,11,2,0
4,54229.17,Salary,2025-12-18,12,3,0
6,4540.52,Utilities,2025-05-08,5,3,0
6,3839.32,Shopping,2025-04-07,4,0,0
4,4222.2,Utilities,2025-01-04,1,5,0
10,56280.14,Salary,2025-05-08,5,3,0
8,9410.1,Shopping,2025-01-04,1,5,0
7,861.33,Entertainment,2025-08-11,8,0,0
5,21005.3,Rent,2025-09-24,9,2,0
10,529.72,Transport,2025-04-22,4,1,0
3,2748.01,Utilities,2025-09-23,9,1,0
10,2945.2,Transport,2025-10-29,10,2,0
4,1966.89,Food,2025-08-25,8,0,0
7,18795.54,Rent,2025-07-07,7,0,0
9,1400.17,Transport,2025-05-03,5,5,0
10,835.69,Health,2025-07-26,7,5,0
10,1998.68,Food,2025-08-14,8,3,0
4,446.71,Entertainment,2025-06-20,6,4,0
6,2417.09,Utilities,2025-05-15,5,3,0
9,1542.67,Food,2025-03-01,3,5,0
2,1793.96,Food,2025-08-11,8,0,0
5,476.97,Health,2025-04-04,4,4,0
1,730.16,Food,2025-06-15,6,6,0
1,65547.67,Salary,2025-01-30,1,3,0
5,18808.66,Rent,2025-07-26,7,5,0
9,26966.35,Rent,2025-12-03,12,2,0
8,1006.34,Food,2025-12-05,12,4,0
3,20150.68,Rent,2025-01-07,1,1,0
5,57860.07,Salary,2025-01-22,1,2,0
2,51322.39,Salary,2025-02-21,2,4,0
7,24535.2,Rent,2025-04-24,4,3,0
9,25996.99,Rent,2025-05-01,5,3,0
5,3799.59,Utilities,2025-10-25,10,5,0
4,2721.81,Shopping,2025-08-04,8,0,0
8,9071.65,Shopping,2025-11-03,11,0,0
7,3145.59,Food,2025-07-09,7,2,1
8,2584.54,Utilities,2025-11-11,11,1,0
7,24436.5,Rent,2025-10-20,10,0,0
8,2346.89,Utilities,2025-12-15,12,0,0
9,1029.4,Food,2025-02-12,2,2,0
6,2690.43,Transport,2025-06-10,6,1,0
8,71892.15,Salary,2025-10-25,10,5,0
1,592.45,Health,2025-06-16,6,0,0
3,50951.28,Salary,2025-12-07,12,6,0
6,894.53,Entertainment,2025-04-05,4,5,0
8,559.65,Health,2025-07-19,7,5,0
1,2266.92,Entertainment,2025-11-27,11,3,1
2,3290.28,Shopping,2025-07-08,7,1,0
10,368.04,Health,2025-06-16,6,0,0
5,2527.26,Utilities,2025-03-21,3,4,0
7,2472.04,Utilities,2025-10-14,10,1,0
4,1025.91,Shopping,2025-01-10,1,4,0
7,556.21,Entertainment,2025-06-25,6,2,0
5,312.3,Health,2025-05-11,5,6,0
5,251.64,Entertainment,2025-02-18,2,1,0
10,4473.25,Utilities,2025-09-12,9,4,0
10,28390.45,Rent,2025-10-18,10,5,0
2,25553.31,Rent,2025-12-11,12,3,0
6,1846.58,Food,2025-11-23,11,6,0
9,45237.43,Salary,2025-03-21,3,4,0
1,415.33,Health,2025-03-16,3,6,0
6,1420.76,Transport,2025-07-07,7,0,0
10,795.19,Health,2025-03-31,3,0,0
10,8103.03,Shopping,2025-03-15,3,5,0
4,849.62,Entertainment,2025-04-27,4,6,0
5,3855.58,Utilities,2025-10-03,10,4,0
10,2923.55,Shopping,2025-03-15,3,5,0
5,750.44,Health,2025-06-10,6,1,0
7,490.23,Health,2025-12-21,12,6,0
8,3408.5,Utilities,2025-09-15,9,0,0
7,6274.47,Food,2025-12-20,12,5,1
4,4606.03,Shopping,2025-09-03,9,2,0
3,3846.72,Shopping,2025-05-03,5,5,0
1,72096.21,Salary,2025-10-14,10,1,0
6,2556.64,Utilities,2025-03-06,3,3,0
6,1474.35,Utilities,2025-02-14,2,4,0
6,1506.95,Food,2025-04-24,4,3,0
2,4167.98,Utilities,2025-03-29,3,5,0
10,164.24,Entertainment,2025-06-15,6,6,0
6,905.55,Entertainment,2025-08-21,8,3,0
7,2259.86,Utilities,2025-05-14,5,2,0
7,2192.25,Transport,2025-03-17,3,0,0
2,2875.37,Utilities,2025-05-23,5,4,0
10,928.97,Health,2025-04-07,4,0,0
3,16006.19,Rent,2025-06-19,6,3,0
8,997.88,Health,2025-05-30,5,4,0
5,245.09,Entertainment,2025-03-26,3,2,0
1,15291.57,Utilities,2025-10-03,10,4,1
8,3277.48,Utilities,2025-12-03,12,2,0
4,45756.31,Salary,2025-07-26,7,5,0
1,2512.06,Transport,2025-10-29,10,2,0
8,3908.44,Health,2025-04-06,4,6,1
9,7561.7,Shopping,2025-03-31,3,0,0
6,2071.57,Transport,2025-04-05,4,5,0
9,1782.17,Transport,2025-09-05,9,4,0
10,1551.23,Utilities,2025-12-12,12,4,0
1,275.33,Food,2025-08-10,8,6,0
9,2090.57,Utilities,2025-09-02,9,1,0
1,77473.9,Salary,2025-02-04,2,1,0
4,1666.52,Utilities,2025-08-31,8,6,0
9,811.71,Health,2025-09-26,9,4,0
5,815.84,Health,2025-12-01,12,0,1
4,922.97,Health,2025-12-16,12,1,0
7,1845.58,Food,2025-11-29,11,5,0
1,1391.32,Shopping,2025-03-22,3,5,0
9,19984.23,Rent,2025-10-31,10,4,0
2,2733.79,Transport,2025-02-12,2,2,0
4,1846.37,Transport,2025-02-06,2,3,0
8,5372.66,Shopping,2025-08-11,8,0,0
10,43223.38,Salary,2025-10-23,10,3,0
5,19413.99,Rent,2025-02-17,2,0,0
2,1712.27,Transport,2025-11-22,11,5,0
2,834.82,Health,2025-08-11,8,0,0
8,29073.43,Rent,2025-08-07,8,3,0
3,15477.4,Rent,2025-07-23,7,2,0
5,3595.2,Utilities,2025-11-18,11,1,0
5,678.99,Health,2025-11-06,11,3,0
8,71912.92,Salary,2025-07-06,7,6,0
10,4070.08,Shopping,2025-10-19,10,6,0
1,4551.57,Food,2025-05-20,5,1,1
5,1568.9,Utilities,2025-05-05,5,0,0
5,2583.73,Transport,2025-12-17,12,2,0
10,747.34,Health,2025-07-11,7,4,0
1,4872.59,Utilities,2025-10-17,10,4,0
1,733.92,Food,2025-04-11,4,4,0
3,2600.13,Transport,2025-03-09,3,6,0
5,795.73,Entertainment,2025-11-06,11,3,0
5,1960.26,Food,2025-08-04,8,0,0
2,725.39,Entertainment,2025-03-19,3,2,0
8,4749.0,Utilities,2025-03-01,3,5,0
3,1944.8,Transport,2025-07-07,7,0,0
1,2558.24,Transport,2025-03-04,3,1,0
5,1949.7,Food,2025-09-23,9,1,0
9,60728.6,Salary,2025-01-12,1,6,0
8,673.32,Entertainment,2025-05-15,5,3,0
7,617.96,Transport,2025-02-10,2,0,0
10,76413.28,Salary,2025-09-28,9,6,0
10,22906.77,Rent,2025-11-01,11,5,0
9,4340.31,Utilities,2025-02-01,2,5,0
8,5592.22,Shopping,2025-07-14,7,0,0
5,9541.31,Shopping,2025-05-22,5,3,0
2,709.99,Food,2025-11-04,11,1,0
3,898.33,Entertainment,2025-01-29,1,2,0
7,56988.18,Salary,2025-12-27,12,5,0
4,3583.77,Utilities,2025-02-02,2,6,0
10,2396.38,Food,2025-11-26,11,2,1
9,828.92,Transport,2025-08-26,8,1,0
8,299.08,Entertainment,2025-11-08,11,5,0
7,2865.41,Transport,2025-07-29,7,1,0
5,4311.78,Utilities,2025-05-16,5,4,0
5,729.18,Food,2025-06-23,6,0,0
3,185.02,Entertainment,2025-04-13,4,6,0
10,4094.15,Utilities,2025-02-03,2,0,0
7,845.2,Transport,2025-04-12,4,5,0
7,863.56,Health,2025-11-19,11,2,0
10,1806.61,Transport,2025-06-24,6,1,0
10,57402.44,Salary,2025-09-07,9,6,0
6,1229.85,Food,2025-09-30,9,1,0
6,2468.88,Transport,2025-10-04,10,5,0
1,749.89,Health,2025-02-22,2,5,0
1,1243.08,Food,2025-04-04,4,4,0
6,5371.86,Shopping,2025-03-20,3,3,0
1,1855.17,Food,2025-08-20,8,2,0
8,734.68,Health,2025-11-22,11,5,0
3,683.23,Transport,2025-07-08,7,1,0
7,478.18,Entertainment,2025-10-27,10,0,0
1,1960.32,Entertainment,2025-09-10,9,2,1
1,1374.77,Transport,2025-12-04,12,3,0
4,2636.81,Transport,2025-01-15,1,2,0
7,611.28,Entertainment,2025-04-04,4,4,0
1,326.96,Entertainment,2025-02-01,2,5,0
10,757.7,Transport,2025-09-07,9,6,0
6,1634.87,Shopping,2025-10-13,10,0,0
6,1068.2,Food,2025-09-19,9,4,0
10,4332.55,Utilities,2025-03-07,3,4,0
5,7968.16,Shopping,2025-05-06,5,1,0
8,50286.48,Salary,2025-08-25,8,0,0
2,24985.42,Rent,2025-03-22,3,5,0
3,558.9,Entertainment,2025-07-19,7,5,0
8,961.05,Health,2025-06-02,6,0,0
4,934.5,Transport,2025-01-11,1,5,0
1,47650.76,Salary,2025-06-06,6,4,0
9,1772.6,Food,2025-12-04,12,3,0
2,2002.64,Utilities,2025-06-21,6,5,0
7,1196.04,Shopping,2025-10-24,10,4,0
3,1196.83,Food,2025-02-08,2,5,0
8,68985.9,Salary,2025-05-26,5,0,0
6,579.66,Entertainment,2025-12-05,12,4,0
3,73177.24,Salary,2025-05-14,5,2,0
2,911.95,Entertainment,2025-03-05,3,2,0
10,579.72,Entertainment,2025-08-28,8,3,0
1,1666.9,Shopping,2025-03-29,3,5,0
3,1591.24,Food,2025-03-15,3,5,0
9,730.81,Entertainment,2025-09-21,9,6,0
1,2949.53,Transport,2025-04-19,4,5,0
4,102.96,Entertainment,2025-01-18,1,5,0
2,59818.29,Salary,2025-05-22,5,3,0
9,611.82,Health,2025-11-18,11,1,0
3,455.37,Food,2025-03-19,3,2,0
5,21398.64,Rent,2025-07-06,7,6,0
8,304.85,Health,2025-03-01,3,5,0
2,1752.31,Transport,2025-04-19,4,5,0
10,20020.5,Rent,2025-12-06,12,5,0
1,428.73,Entertainment,2025-04-02,4,2,0
4,8707.35,Shopping,2025-08-24,8,6,0
7,70628.35,Salary,2025-09-28,9,6,0
10,4976.48,Shopping,2025-03-09,3,6,0
10,27032.67,Shopping,2025-12-21,12,6,1
5,932.36,Entertainment,2025-05-09,5,4,0
3,460.85,Health,2025-08-22,8,4,0
9,2712.52,Transport,2025-01-24,1,4,0
10,749.56,Health,2025-11-12,11,2,0
1,18602.68,Rent,2025-04-19,4,5,0
1,42489.05,Salary,2025-04-05,4,5,0
1,63708.53,Salary,2025-11-18,11,1,0
4,28499.89,Rent,2025-03-16,3,6,0
7,2095.34,Shopping,2025-09-27,9,5,0
2,719.61,Entertainment,2025-02-23,2,6,0
8,45319.01,Salary,2025-02-09,2,6,0
4,6998.4,Shopping,2025-02-15,2,5,0
2,3528.48,Utilities,2025-05-20,5,1,0
2,343.42,Health,2025-08-01,8,4,0
8,4616.22,Utilities,2025-10-20,10,0,0
5,71062.25,Salary,2025-07-23,7,2,0
3,1940.14,Utilities,2025-08-13,8,2,0
8,21633.05,Rent,2025-06-26,6,3,0
5,784.51,Food,2025-09-04,9,3,0
2,3600.72,Utilities,2025-04-03,4,3,0
2,1899.88,Food,2025-05-26,5,0,0
5,941.06,Food,2025-07-08,7,1,0
1,3782.71,Shopping,2025-10-10,10,4,0
1,594.02,Food,2025-04-15,4,1,0
7,9158.98,Shopping,2025-02-06,2,3,0
8,4104.33,Utilities,2025-07-10,7,3,0
5,399.93,Entertainment,2025-02-08,2,5,0
7,2873.72,Transport,2025-10-14,10,1,0
1,226.35,Entertainment,2025-04-24,4,3,0
3,49042.68,Salary,2025-09-03,9,2,0
7,53979.0,Salary,2025-03-24,3,0,0
1,916.48,Health,2025-10-13,10,0,0
3,6507.44,Shopping,2025-11-28,11,4,0
6,57597.81,Salary,2025-12-09,12,1,0
5,834.52,Entertainment,2025-08-11,8,0,0
4,1949.89,Utilities,2025-09-25,9,3,0
7,74366.12,Salary,2025-07-29,7,1,0
7,1536.63,Utilities,2025-09-11,9,3,0
8,212.04,Food,2025-03-30,3,6,0
9,4608.07,Shopping,2025-06-10,6,1,0
2,9361.88,Shopping,2025-03-23,3,6,0
7,2812.88,Utilities,2025-04-26,4,5,0
2,658.02,Entertainment,2025-08-26,8,1,0
3,3433.85,Shopping,2025-07-10,7,3,0
2,332.92,Entertainment,2025-11-14,11,4,0
2,215.06,Entertainment,2025-08-14,8,3,0
6,5203.53,Shopping,2025-04-09,4,2,0
4,3256.74,Utilities,2025-07-05,7,5,0
4,158.89,Entertainment,2025-06-13,6,4,0
10,866.31,Health,2025-09-26,9,4,0
6,67495.43,Salary,2025-12-10,12,2,0
10,26105.56,Rent,2025-04-24,4,3,0
8,54453.62,Salary,2025-10-11,10,5,0
4,1495.74,Shopping,2025-02-23,2,6,0
2,1473.98,Transport,2025-07-01,7,1,0
10,2974.35,Utilities,2025-08-05,8,1,0
10,1041.42,Utilities,2025-05-04,5,6,0
8,290.75,Health,2025-04-23,4,2,0
8,107.41,Health,2025-01-30,1,3,0
4,19137.09,Rent,2025-03-09,3,6,0
6,1187.07,Food,2025-11-03,11,0,0
7,17081.87,Rent,2025-05-01,5,3,0
10,511.5,Food,2025-12-02,12,1,0
6,413.8,Entertainment,2025-12-20,12,5,0
6,626.56,Food,2025-11-18,11,1,0
7,28344.79,Rent,2025-04-14,4,0,0
5,28291.93,Rent,2025-12-05,12,4,0
4,16990.55,Rent,2025-03-17,3,0,0
9,1387.59,Food,2025-02-13,2,3,0
6,1664.18,Food,2025-10-22,10,2,0
3,7341.48,Utilities,2025-05-22,5,3,1
4,2263.13,Utilities,2025-12-19,12,4,0
7,1899.96,Transport,2025-11-19,11,2,0
5,56729.57,Rent,2025-01-30,1,3,1
3,1828.59,Food,2025-01-02,1,3,0
1,426.62,Health,2025-06-27,6,4,0
5,1150.67,Food,2025-05-17,5,5,0
9,117.16,Entertainment,2025-05-10,5,5,0
7,24584.74,Rent,2025-07-15,7,1,0
10,3948.93,Utilities,2025-04-24,4,3,0
9,4704.22,Shopping,2025-05-27,5,1,0
5,1047.98,Food,2025-06-08,6,6,0
8,784.53,Entertainment,2025-10-10,10,4,0
8,4670.89,Utilities,2025-08-15,8,4,0
8,303.47,Food,2025-05-26,5,0,0
5,3172.09,Utilities,2025-11-03,11,0,0
5,19147.76,Rent,2025-09-26,9,4,0
1,347.37,Entertainment,2025-06-03,6,1,0
2,237.84,Health,2025-04-14,4,0,0
6,50755.59,Salary,2025-10-13,10,0,0
4,62464.29,Salary,2025-09-30,9,1,0
7,2270.79,Transport,2025-01-09,1,3,0
7,45829.21,Salary,2025-11-23,11,6,0
